qid,reference_language_count,after_generation_language_count,after_all_language_count,is_complete_reference,is_complete_after_all,languages_reference,languages_after_generation,languages_after_all,new_languages_from_generation,new_languages_from_translation,missing_languages_after_all
1,5,8,8,0,1,C|C++|Java|Python3|Golang,C|C++|C#|Java|JavaScript|Python3|Golang|Rust,C|C++|C#|Java|JavaScript|Python3|Golang|Rust,C#|JavaScript|Rust,,
3,4,8,8,0,1,C++|Java|JavaScript|Python3,C|C++|C#|Java|JavaScript|Python3|Golang|Rust,C|C++|C#|Java|JavaScript|Python3|Golang|Rust,C|C#|Golang|Rust,,
4,3,8,8,0,1,C++|Java|Python3,C|C++|C#|Java|JavaScript|Python3|Golang|Rust,C|C++|C#|Java|JavaScript|Python3|Golang|Rust,C|C#|JavaScript|Golang|Rust,,
5,3,8,8,0,1,C++|Java|Python3,C|C++|C#|Java|JavaScript|Python3|Golang|Rust,C|C++|C#|Java|JavaScript|Python3|Golang|Rust,C|C#|JavaScript|Golang|Rust,,
6,6,8,8,0,1,C|C++|C#|Java|JavaScript|Python3,C|C++|C#|Java|JavaScript|Python3|Golang|Rust,C|C++|C#|Java|JavaScript|Python3|Golang|Rust,Golang|Rust,,
7,6,8,8,0,1,C|C++|C#|Java|JavaScript|Python3,C|C++|C#|Java|JavaScript|Python3|Golang|Rust,C|C++|C#|Java|JavaScript|Python3|Golang|Rust,Golang|Rust,,
8,3,8,8,0,1,C++|Java|Python3,C|C++|C#|Java|JavaScript|Python3|Golang|Rust,C|C++|C#|Java|JavaScript|Python3|Golang|Rust,C|C#|JavaScript|Golang|Rust,,
9,2,8,8,0,1,C++|Java,C|C++|C#|Java|JavaScript|Python3|Golang|Rust,C|C++|C#|Java|JavaScript|Python3|Golang|Rust,C|C#|JavaScript|Python3|Golang|Rust,,
10,3,8,8,0,1,C++|Java|Python3,C|C++|C#|Java|JavaScript|Python3|Golang|Rust,C|C++|C#|Java|JavaScript|Python3|Golang|Rust,C|C#|JavaScript|Golang|Rust,,
12,6,8,8,0,1,C|C++|C#|Java|JavaScript|Python3,C|C++|C#|Java|JavaScript|Python3|Golang|Rust,C|C++|C#|Java|JavaScript|Python3|Golang|Rust,Golang|Rust,,
13,6,8,8,0,1,C|C++|C#|Java|JavaScript|Python3,C|C++|C#|Java|JavaScript|Python3|Golang|Rust,C|C++|C#|Java|JavaScript|Python3|Golang|Rust,Golang|Rust,,
14,3,8,8,0,1,C++|Java|Python3,C|C++|C#|Java|JavaScript|Python3|Golang|Rust,C|C++|C#|Java|JavaScript|Python3|Golang|Rust,C|C#|JavaScript|Golang|Rust,,
15,3,8,8,0,1,C++|Java|Python3,C|C++|C#|Java|JavaScript|Python3|Golang|Rust,C|C++|C#|Java|JavaScript|Python3|Golang|Rust,C|C#|JavaScript|Golang|Rust,,
16,4,8,8,0,1,C|C++|Java|Python3,C|C++|C#|Java|JavaScript|Python3|Golang|Rust,C|C++|C#|Java|JavaScript|Python3|Golang|Rust,C#|JavaScript|Golang|Rust,,
18,6,8,8,0,1,C|C++|Java|JavaScript|Python3|Golang,C|C++|C#|Java|JavaScript|Python3|Golang|Rust,C|C++|C#|Java|JavaScript|Python3|Golang|Rust,C#|Rust,,
20,5,8,8,0,1,C|C++|Java|JavaScript|Python3,C|C++|C#|Java|JavaScript|Python3|Golang|Rust,C|C++|C#|Java|JavaScript|Python3|Golang|Rust,C#|Golang|Rust,,
22,3,8,8,0,1,C++|Java|Python3,C|C++|C#|Java|JavaScript|Python3|Golang|Rust,C|C++|C#|Java|JavaScript|Python3|Golang|Rust,C|C#|JavaScript|Golang|Rust,,
23,1,8,8,0,1,Java,C|C++|C#|Java|JavaScript|Python3|Golang|Rust,C|C++|C#|Java|JavaScript|Python3|Golang|Rust,C|C++|C#|JavaScript|Python3|Golang|Rust,,
26,5,8,8,0,1,C|C++|Java|JavaScript|Python3,C|C++|C#|Java|JavaScript|Python3|Golang|Rust,C|C++|C#|Java|JavaScript|Python3|Golang|Rust,C#|Golang|Rust,,
27,4,8,8,0,1,C|C++|Java|JavaScript,C|C++|C#|Java|JavaScript|Python3|Golang|Rust,C|C++|C#|Java|JavaScript|Python3|Golang|Rust,C#|Python3|Golang|Rust,,
28,4,8,8,0,1,C|C++|Java|JavaScript,C|C++|C#|Java|JavaScript|Python3|Golang|Rust,C|C++|C#|Java|JavaScript|Python3|Golang|Rust,C#|Python3|Golang|Rust,,
29,5,8,8,0,1,C++|C#|Java|JavaScript|Python3,C|C++|C#|Java|JavaScript|Python3|Golang|Rust,C|C++|C#|Java|JavaScript|Python3|Golang|Rust,C|Golang|Rust,,
30,6,8,8,0,1,C|C++|C#|Java|JavaScript|Python3,C|C++|C#|Java|JavaScript|Python3|Golang|Rust,C|C++|C#|Java|JavaScript|Python3|Golang|Rust,Golang|Rust,,
31,5,8,8,0,1,C|C++|Java|Python3|Golang,C|C++|C#|Java|JavaScript|Python3|Golang|Rust,C|C++|C#|Java|JavaScript|Python3|Golang|Rust,C#|JavaScript|Rust,,
32,3,8,8,0,1,C|C++|Java,C|C++|C#|Java|JavaScript|Python3|Golang|Rust,C|C++|C#|Java|JavaScript|Python3|Golang|Rust,C#|JavaScript|Python3|Golang|Rust,,
33,3,8,8,0,1,C++|Java|Python3,C|C++|C#|Java|JavaScript|Python3|Golang|Rust,C|C++|C#|Java|JavaScript|Python3|Golang|Rust,C|C#|JavaScript|Golang|Rust,,
34,5,8,8,0,1,C|C++|Java|JavaScript|Golang,C|C++|C#|Java|JavaScript|Python3|Golang|Rust,C|C++|C#|Java|JavaScript|Python3|Golang|Rust,C#|Python3|Rust,,
35,4,8,8,0,1,C|C++|Java|JavaScript,C|C++|C#|Java|JavaScript|Python3|Golang|Rust,C|C++|C#|Java|JavaScript|Python3|Golang|Rust,C#|Python3|Golang|Rust,,
38,5,8,8,0,1,C++|C#|Java|JavaScript|Python3,C|C++|C#|Java|JavaScript|Python3|Golang|Rust,C|C++|C#|Java|JavaScript|Python3|Golang|Rust,C|Golang|Rust,,
39,5,8,8,0,1,C|C++|Java|JavaScript|Golang,C|C++|C#|Java|JavaScript|Python3|Golang|Rust,C|C++|C#|Java|JavaScript|Python3|Golang|Rust,C#|Python3|Rust,,
40,8,8,8,1,1,C|C++|C#|Java|JavaScript|Python3|Golang|Rust,C|C++|C#|Java|JavaScript|Python3|Golang|Rust,C|C++|C#|Java|JavaScript|Python3|Golang|Rust,,,
41,4,8,8,0,1,C|C++|Java|Python3,C|C++|C#|Java|JavaScript|Python3|Golang|Rust,C|C++|C#|Java|JavaScript|Python3|Golang|Rust,C#|JavaScript|Golang|Rust,,
43,3,8,8,0,1,C|Java|Python3,C|C++|C#|Java|JavaScript|Python3|Golang|Rust,C|C++|C#|Java|JavaScript|Python3|Golang|Rust,C++|C#|JavaScript|Golang|Rust,,
44,4,8,8,0,1,C|C++|Java|Python3,C|C++|C#|Java|JavaScript|Python3|Golang|Rust,C|C++|C#|Java|JavaScript|Python3|Golang|Rust,C#|JavaScript|Golang|Rust,,
45,7,8,8,0,1,C|C++|C#|Java|JavaScript|Python3|Rust,C|C++|C#|Java|JavaScript|Python3|Golang|Rust,C|C++|C#|Java|JavaScript|Python3|Golang|Rust,Golang,,
46,3,8,8,0,1,C++|Java|Python3,C|C++|C#|Java|JavaScript|Python3|Golang|Rust,C|C++|C#|Java|JavaScript|Python3|Golang|Rust,C|C#|JavaScript|Golang|Rust,,
47,8,8,8,1,1,C|C++|C#|Java|JavaScript|Python3|Golang|Rust,C|C++|C#|Java|JavaScript|Python3|Golang|Rust,C|C++|C#|Java|JavaScript|Python3|Golang|Rust,,,
49,5,8,8,0,1,C++|Java|JavaScript|Python3|Golang,C|C++|C#|Java|JavaScript|Python3|Golang|Rust,C|C++|C#|Java|JavaScript|Python3|Golang|Rust,C|C#|Rust,,
50,3,8,8,0,1,C++|Java|Python3,C|C++|C#|Java|JavaScript|Python3|Golang|Rust,C|C++|C#|Java|JavaScript|Python3|Golang|Rust,C|C#|JavaScript|Golang|Rust,,
53,3,8,8,0,1,C|Java|JavaScript,C|C++|C#|Java|JavaScript|Python3|Golang|Rust,C|C++|C#|Java|JavaScript|Python3|Golang|Rust,C++|C#|Python3|Golang|Rust,,
55,3,8,8,0,1,C++|Java|Python3,C|C++|C#|Java|JavaScript|Python3|Golang|Rust,C|C++|C#|Java|JavaScript|Python3|Golang|Rust,C|C#|JavaScript|Golang|Rust,,
56,3,8,8,0,1,C++|Java|Python3,C|C++|C#|Java|JavaScript|Python3|Golang|Rust,C|C++|C#|Java|JavaScript|Python3|Golang|Rust,C|C#|JavaScript|Golang|Rust,,
57,5,8,8,0,1,C|C++|Java|Python3|Golang,C|C++|C#|Java|JavaScript|Python3|Golang|Rust,C|C++|C#|Java|JavaScript|Python3|Golang|Rust,C#|JavaScript|Rust,,
58,4,8,8,0,1,C++|C#|Java|JavaScript,C|C++|C#|Java|JavaScript|Python3|Golang|Rust,C|C++|C#|Java|JavaScript|Python3|Golang|Rust,C|Python3|Golang|Rust,,
60,4,8,8,0,1,C|C++|Java|Python3,C|C++|C#|Java|JavaScript|Python3|Golang|Rust,C|C++|C#|Java|JavaScript|Python3|Golang|Rust,C#|JavaScript|Golang|Rust,,
65,6,8,8,0,1,C|C++|C#|Java|JavaScript|Python3,C|C++|C#|Java|JavaScript|Python3|Golang|Rust,C|C++|C#|Java|JavaScript|Python3|Golang|Rust,Golang|Rust,,
66,5,8,8,0,1,C++|C#|Java|JavaScript|Python3,C|C++|C#|Java|JavaScript|Python3|Golang|Rust,C|C++|C#|Java|JavaScript|Python3|Golang|Rust,C|Golang|Rust,,
67,1,8,8,0,1,Java,C|C++|C#|Java|JavaScript|Python3|Golang|Rust,C|C++|C#|Java|JavaScript|Python3|Golang|Rust,C|C++|C#|JavaScript|Python3|Golang|Rust,,
68,5,8,8,0,1,C++|C#|Java|JavaScript|Python3,C|C++|C#|Java|JavaScript|Python3|Golang|Rust,C|C++|C#|Java|JavaScript|Python3|Golang|Rust,C|Golang|Rust,,
69,3,8,8,0,1,C++|Java|Python3,C|C++|C#|Java|JavaScript|Python3|Golang|Rust,C|C++|C#|Java|JavaScript|Python3|Golang|Rust,C|C#|JavaScript|Golang|Rust,,
70,5,8,8,0,1,C|C++|Java|JavaScript|Golang,C|C++|C#|Java|JavaScript|Python3|Golang|Rust,C|C++|C#|Java|JavaScript|Python3|Golang|Rust,C#|Python3|Rust,,
71,6,8,8,0,1,C|C++|C#|Java|JavaScript|Python3,C|C++|C#|Java|JavaScript|Python3|Golang|Rust,C|C++|C#|Java|JavaScript|Python3|Golang|Rust,Golang|Rust,,
72,3,8,8,0,1,C++|Java|Python3,C|C++|C#|Java|JavaScript|Python3|Golang|Rust,C|C++|C#|Java|JavaScript|Python3|Golang|Rust,C|C#|JavaScript|Golang|Rust,,
75,5,8,8,0,1,C|C++|Java|Python3|Golang,C|C++|C#|Java|JavaScript|Python3|Golang|Rust,C|C++|C#|Java|JavaScript|Python3|Golang|Rust,C#|JavaScript|Rust,,
76,1,8,8,0,1,Java,C|C++|C#|Java|JavaScript|Python3|Golang|Rust,C|C++|C#|Java|JavaScript|Python3|Golang|Rust,C|C++|C#|JavaScript|Python3|Golang|Rust,,
77,3,8,8,0,1,C|Java|JavaScript,C|C++|C#|Java|JavaScript|Python3|Golang|Rust,C|C++|C#|Java|JavaScript|Python3|Golang|Rust,C++|C#|Python3|Golang|Rust,,
78,4,8,8,0,1,C|Java|JavaScript|Golang,C|C++|C#|Java|JavaScript|Python3|Golang|Rust,C|C++|C#|Java|JavaScript|Python3|Golang|Rust,C++|C#|Python3|Rust,,
80,7,8,8,0,1,C|C++|C#|Java|JavaScript|Python3|Rust,C|C++|C#|Java|JavaScript|Python3|Golang|Rust,C|C++|C#|Java|JavaScript|Python3|Golang|Rust,Golang,,
81,7,8,8,0,1,C|C++|C#|Java|JavaScript|Python3|Rust,C|C++|C#|Java|JavaScript|Python3|Golang|Rust,C|C++|C#|Java|JavaScript|Python3|Golang|Rust,Golang,,
87,5,8,8,0,1,C|C++|Java|JavaScript|Python3,C|C++|C#|Java|JavaScript|Python3|Golang|Rust,C|C++|C#|Java|JavaScript|Python3|Golang|Rust,C#|Golang|Rust,,
88,5,8,8,0,1,C|C++|Java|JavaScript|Python3,C|C++|C#|Java|JavaScript|Python3|Golang|Rust,C|C++|C#|Java|JavaScript|Python3|Golang|Rust,C#|Golang|Rust,,
89,6,8,8,0,1,C|C++|C#|Java|JavaScript|Python3,C|C++|C#|Java|JavaScript|Python3|Golang|Rust,C|C++|C#|Java|JavaScript|Python3|Golang|Rust,Golang|Rust,,
90,7,8,8,0,1,C|C++|C#|Java|JavaScript|Python3|Rust,C|C++|C#|Java|JavaScript|Python3|Golang|Rust,C|C++|C#|Java|JavaScript|Python3|Golang|Rust,Golang,,
91,5,8,8,0,1,C|C++|Java|JavaScript|Python3,C|C++|C#|Java|JavaScript|Python3|Golang|Rust,C|C++|C#|Java|JavaScript|Python3|Golang|Rust,C#|Golang|Rust,,
93,5,8,8,0,1,C|C++|Java|JavaScript|Python3,C|C++|C#|Java|JavaScript|Python3|Golang|Rust,C|C++|C#|Java|JavaScript|Python3|Golang|Rust,C#|Golang|Rust,,
115,5,8,8,0,1,C|C++|Java|JavaScript|Python3,C|C++|C#|Java|JavaScript|Python3|Golang|Rust,C|C++|C#|Java|JavaScript|Python3|Golang|Rust,C#|Golang|Rust,,
120,8,8,8,1,1,C|C++|C#|Java|JavaScript|Python3|Golang|Rust,C|C++|C#|Java|JavaScript|Python3|Golang|Rust,C|C++|C#|Java|JavaScript|Python3|Golang|Rust,,,
122,5,8,8,0,1,C|C++|Java|JavaScript|Golang,C|C++|C#|Java|JavaScript|Python3|Golang|Rust,C|C++|C#|Java|JavaScript|Python3|Golang|Rust,C#|Python3|Rust,,
123,5,8,8,0,1,C|C++|Java|JavaScript|Python3,C|C++|C#|Java|JavaScript|Python3|Golang|Rust,C|C++|C#|Java|JavaScript|Python3|Golang|Rust,C#|Golang|Rust,,
125,3,8,8,0,1,C++|Java|Python3,C|C++|C#|Java|JavaScript|Python3|Golang|Rust,C|C++|C#|Java|JavaScript|Python3|Golang|Rust,C|C#|JavaScript|Golang|Rust,,
126,2,7,7,0,0,C++|Java,C|C++|Java|JavaScript|Python3|Golang|Rust,C|C++|Java|JavaScript|Python3|Golang|Rust,C|JavaScript|Python3|Golang|Rust,,C#
127,5,8,8,0,1,C|C++|Java|Python3|Golang,C|C++|C#|Java|JavaScript|Python3|Golang|Rust,C|C++|C#|Java|JavaScript|Python3|Golang|Rust,C#|JavaScript|Rust,,
128,3,8,8,0,1,C++|Java|Python3,C|C++|C#|Java|JavaScript|Python3|Golang|Rust,C|C++|C#|Java|JavaScript|Python3|Golang|Rust,C|C#|JavaScript|Golang|Rust,,
131,5,8,8,0,1,C|C++|Java|JavaScript|Python3,C|C++|C#|Java|JavaScript|Python3|Golang|Rust,C|C++|C#|Java|JavaScript|Python3|Golang|Rust,C#|Golang|Rust,,
132,5,8,8,0,1,C|C++|Java|JavaScript|Python3,C|C++|C#|Java|JavaScript|Python3|Golang|Rust,C|C++|C#|Java|JavaScript|Python3|Golang|Rust,C#|Golang|Rust,,
134,8,8,8,1,1,C|C++|C#|Java|JavaScript|Python3|Golang|Rust,C|C++|C#|Java|JavaScript|Python3|Golang|Rust,C|C++|C#|Java|JavaScript|Python3|Golang|Rust,,,
135,5,8,8,0,1,C|C++|Java|JavaScript|Python3,C|C++|C#|Java|JavaScript|Python3|Golang|Rust,C|C++|C#|Java|JavaScript|Python3|Golang|Rust,C#|Golang|Rust,,
136,1,8,8,0,1,Java,C|C++|C#|Java|JavaScript|Python3|Golang|Rust,C|C++|C#|Java|JavaScript|Python3|Golang|Rust,C|C++|C#|JavaScript|Python3|Golang|Rust,,
137,5,8,8,0,1,C|C++|Java|JavaScript|Python3,C|C++|C#|Java|JavaScript|Python3|Golang|Rust,C|C++|C#|Java|JavaScript|Python3|Golang|Rust,C#|Golang|Rust,,
139,2,8,8,0,1,C|Java,C|C++|C#|Java|JavaScript|Python3|Golang|Rust,C|C++|C#|Java|JavaScript|Python3|Golang|Rust,C++|C#|JavaScript|Python3|Golang|Rust,,
140,6,8,8,0,1,C|C++|Java|JavaScript|Python3|Golang,C|C++|C#|Java|JavaScript|Python3|Golang|Rust,C|C++|C#|Java|JavaScript|Python3|Golang|Rust,C#|Rust,,
146,3,8,8,0,1,C++|Java|Python3,C|C++|C#|Java|JavaScript|Python3|Golang|Rust,C|C++|C#|Java|JavaScript|Python3|Golang|Rust,C|C#|JavaScript|Golang|Rust,,
150,5,8,8,0,1,C|C++|Java|JavaScript|Python3,C|C++|C#|Java|JavaScript|Python3|Golang|Rust,C|C++|C#|Java|JavaScript|Python3|Golang|Rust,C#|Golang|Rust,,
151,4,8,8,0,1,C++|Java|JavaScript|Python3,C|C++|C#|Java|JavaScript|Python3|Golang|Rust,C|C++|C#|Java|JavaScript|Python3|Golang|Rust,C|C#|Golang|Rust,,
152,1,8,8,0,1,Java,C|C++|C#|Java|JavaScript|Python3|Golang|Rust,C|C++|C#|Java|JavaScript|Python3|Golang|Rust,C|C++|C#|JavaScript|Python3|Golang|Rust,,
153,5,8,8,0,1,C|C++|Java|JavaScript|Python3,C|C++|C#|Java|JavaScript|Python3|Golang|Rust,C|C++|C#|Java|JavaScript|Python3|Golang|Rust,C#|Golang|Rust,,
154,5,8,8,0,1,C|C++|Java|JavaScript|Python3,C|C++|C#|Java|JavaScript|Python3|Golang|Rust,C|C++|C#|Java|JavaScript|Python3|Golang|Rust,C#|Golang|Rust,,
155,4,8,8,0,1,C++|Java|JavaScript|Python3,C|C++|C#|Java|JavaScript|Python3|Golang|Rust,C|C++|C#|Java|JavaScript|Python3|Golang|Rust,C|C#|Golang|Rust,,
162,5,8,8,0,1,C++|C#|Java|JavaScript|Python3,C|C++|C#|Java|JavaScript|Python3|Golang|Rust,C|C++|C#|Java|JavaScript|Python3|Golang|Rust,C|Golang|Rust,,
164,5,8,8,0,1,C|C++|Java|JavaScript|Golang,C|C++|C#|Java|JavaScript|Python3|Golang|Rust,C|C++|C#|Java|JavaScript|Python3|Golang|Rust,C#|Python3|Rust,,
165,5,8,8,0,1,C++|C#|Java|JavaScript|Python3,C|C++|C#|Java|JavaScript|Python3|Golang|Rust,C|C++|C#|Java|JavaScript|Python3|Golang|Rust,C|Golang|Rust,,
166,5,8,8,0,1,C++|C#|Java|JavaScript|Python3,C|C++|C#|Java|JavaScript|Python3|Golang|Rust,C|C++|C#|Java|JavaScript|Python3|Golang|Rust,C|Golang|Rust,,
167,4,8,8,0,1,C|C++|Java|Python3,C|C++|C#|Java|JavaScript|Python3|Golang|Rust,C|C++|C#|Java|JavaScript|Python3|Golang|Rust,C#|JavaScript|Golang|Rust,,
168,6,8,8,0,1,C|C++|C#|Java|JavaScript|Python3,C|C++|C#|Java|JavaScript|Python3|Golang|Rust,C|C++|C#|Java|JavaScript|Python3|Golang|Rust,Golang|Rust,,
169,3,8,8,0,1,C++|Java|Python3,C|C++|C#|Java|JavaScript|Python3|Golang|Rust,C|C++|C#|Java|JavaScript|Python3|Golang|Rust,C|C#|JavaScript|Golang|Rust,,
171,6,8,8,0,1,C|C++|C#|Java|JavaScript|Python3,C|C++|C#|Java|JavaScript|Python3|Golang|Rust,C|C++|C#|Java|JavaScript|Python3|Golang|Rust,Golang|Rust,,
172,6,8,8,0,1,C|C++|C#|Java|JavaScript|Python3,C|C++|C#|Java|JavaScript|Python3|Golang|Rust,C|C++|C#|Java|JavaScript|Python3|Golang|Rust,Golang|Rust,,
179,4,8,8,0,1,C|C++|Java|JavaScript,C|C++|C#|Java|JavaScript|Python3|Golang|Rust,C|C++|C#|Java|JavaScript|Python3|Golang|Rust,C#|Python3|Golang|Rust,,
187,5,8,8,0,1,C++|C#|Java|JavaScript|Python3,C|C++|C#|Java|JavaScript|Python3|Golang|Rust,C|C++|C#|Java|JavaScript|Python3|Golang|Rust,C|Golang|Rust,,
188,5,8,8,0,1,C|C++|Java|JavaScript|Python3,C|C++|C#|Java|JavaScript|Python3|Golang|Rust,C|C++|C#|Java|JavaScript|Python3|Golang|Rust,C#|Golang|Rust,,
189,4,8,8,0,1,C|C++|Java|JavaScript,C|C++|C#|Java|JavaScript|Python3|Golang|Rust,C|C++|C#|Java|JavaScript|Python3|Golang|Rust,C#|Python3|Golang|Rust,,
190,4,8,8,0,1,C|C++|Java|JavaScript,C|C++|C#|Java|JavaScript|Python3|Golang|Rust,C|C++|C#|Java|JavaScript|Python3|Golang|Rust,C#|Python3|Golang|Rust,,
191,5,8,8,0,1,C|C++|Java|JavaScript|Python3,C|C++|C#|Java|JavaScript|Python3|Golang|Rust,C|C++|C#|Java|JavaScript|Python3|Golang|Rust,C#|Golang|Rust,,
198,3,8,8,0,1,C++|Java|Python3,C|C++|C#|Java|JavaScript|Python3|Golang|Rust,C|C++|C#|Java|JavaScript|Python3|Golang|Rust,C|C#|JavaScript|Golang|Rust,,
201,3,8,8,0,1,C|C++|JavaScript,C|C++|C#|Java|JavaScript|Python3|Golang|Rust,C|C++|C#|Java|JavaScript|Python3|Golang|Rust,C#|Java|Python3|Golang|Rust,,
204,5,8,8,0,1,C|C++|Java|JavaScript|Golang,C|C++|C#|Java|JavaScript|Python3|Golang|Rust,C|C++|C#|Java|JavaScript|Python3|Golang|Rust,C#|Python3|Rust,,
205,4,8,8,0,1,C|C++|Java|JavaScript,C|C++|C#|Java|JavaScript|Python3|Golang|Rust,C|C++|C#|Java|JavaScript|Python3|Golang|Rust,C#|Python3|Golang|Rust,,
207,4,8,8,0,1,C|C++|Java|Python3,C|C++|C#|Java|JavaScript|Python3|Golang|Rust,C|C++|C#|Java|JavaScript|Python3|Golang|Rust,C#|JavaScript|Golang|Rust,,
208,5,8,8,0,1,C|C++|Java|JavaScript|Python3,C|C++|C#|Java|JavaScript|Python3|Golang|Rust,C|C++|C#|Java|JavaScript|Python3|Golang|Rust,C#|Golang|Rust,,
209,4,8,8,0,1,C|C++|Java|Python3,C|C++|C#|Java|JavaScript|Python3|Golang|Rust,C|C++|C#|Java|JavaScript|Python3|Golang|Rust,C#|JavaScript|Golang|Rust,,
210,4,8,8,0,1,C|C++|Java|Python3,C|C++|C#|Java|JavaScript|Python3|Golang|Rust,C|C++|C#|Java|JavaScript|Python3|Golang|Rust,C#|JavaScript|Golang|Rust,,
211,5,8,8,0,1,C++|C#|Java|JavaScript|Python3,C|C++|C#|Java|JavaScript|Python3|Golang|Rust,C|C++|C#|Java|JavaScript|Python3|Golang|Rust,C|Golang|Rust,,
213,5,8,8,0,1,C|C++|Java|JavaScript|Python3,C|C++|C#|Java|JavaScript|Python3|Golang|Rust,C|C++|C#|Java|JavaScript|Python3|Golang|Rust,C#|Golang|Rust,,
214,4,8,8,0,1,C|C++|Java|Python3,C|C++|C#|Java|JavaScript|Python3|Golang|Rust,C|C++|C#|Java|JavaScript|Python3|Golang|Rust,C#|JavaScript|Golang|Rust,,
215,2,8,8,0,1,C|Java,C|C++|C#|Java|JavaScript|Python3|Golang|Rust,C|C++|C#|Java|JavaScript|Python3|Golang|Rust,C++|C#|JavaScript|Python3|Golang|Rust,,
216,4,8,8,0,1,C|Java|JavaScript|Golang,C|C++|C#|Java|JavaScript|Python3|Golang|Rust,C|C++|C#|Java|JavaScript|Python3|Golang|Rust,C++|C#|Python3|Rust,,
217,5,8,8,0,1,C|C++|Java|JavaScript|Golang,C|C++|C#|Java|JavaScript|Python3|Golang|Rust,C|C++|C#|Java|JavaScript|Python3|Golang|Rust,C#|Python3|Rust,,
219,7,8,8,0,1,C|C++|C#|Java|JavaScript|Python3|Rust,C|C++|C#|Java|JavaScript|Python3|Golang|Rust,C|C++|C#|Java|JavaScript|Python3|Golang|Rust,Golang,,
220,4,8,8,0,1,C|C++|Java|JavaScript,C|C++|C#|Java|JavaScript|Python3|Golang|Rust,C|C++|C#|Java|JavaScript|Python3|Golang|Rust,C#|Python3|Golang|Rust,,
224,5,8,8,0,1,C|C++|Java|JavaScript|Python3,C|C++|C#|Java|JavaScript|Python3|Golang|Rust,C|C++|C#|Java|JavaScript|Python3|Golang|Rust,C#|Golang|Rust,,
225,4,8,8,0,1,C|Java|Python3|Golang,C|C++|C#|Java|JavaScript|Python3|Golang|Rust,C|C++|C#|Java|JavaScript|Python3|Golang|Rust,C++|C#|JavaScript|Rust,,
227,6,8,8,0,1,C|C++|C#|Java|JavaScript|Python3,C|C++|C#|Java|JavaScript|Python3|Golang|Rust,C|C++|C#|Java|JavaScript|Python3|Golang|Rust,Golang|Rust,,
228,4,8,8,0,1,C|C++|Java|JavaScript,C|C++|C#|Java|JavaScript|Python3|Golang|Rust,C|C++|C#|Java|JavaScript|Python3|Golang|Rust,C#|Python3|Golang|Rust,,
229,5,8,8,0,1,C++|C#|Java|JavaScript|Python3,C|C++|C#|Java|JavaScript|Python3|Golang|Rust,C|C++|C#|Java|JavaScript|Python3|Golang|Rust,C|Golang|Rust,,
231,6,8,8,0,1,C|C++|C#|Java|JavaScript|Python3,C|C++|C#|Java|JavaScript|Python3|Golang|Rust,C|C++|C#|Java|JavaScript|Python3|Golang|Rust,Golang|Rust,,
232,5,8,8,0,1,C|C++|C#|Java|JavaScript,C|C++|C#|Java|JavaScript|Python3|Golang|Rust,C|C++|C#|Java|JavaScript|Python3|Golang|Rust,Python3|Golang|Rust,,
233,6,8,8,0,1,C|C++|C#|Java|JavaScript|Python3,C|C++|C#|Java|JavaScript|Python3|Golang|Rust,C|C++|C#|Java|JavaScript|Python3|Golang|Rust,Golang|Rust,,
238,1,8,8,0,1,C++,C|C++|C#|Java|JavaScript|Python3|Golang|Rust,C|C++|C#|Java|JavaScript|Python3|Golang|Rust,C|C#|Java|JavaScript|Python3|Golang|Rust,,
239,5,8,8,0,1,C|C++|Java|JavaScript|Python3,C|C++|C#|Java|JavaScript|Python3|Golang|Rust,C|C++|C#|Java|JavaScript|Python3|Golang|Rust,C#|Golang|Rust,,
241,6,8,8,0,1,C|C++|C#|Java|JavaScript|Python3,C|C++|C#|Java|JavaScript|Python3|Golang|Rust,C|C++|C#|Java|JavaScript|Python3|Golang|Rust,Golang|Rust,,
242,5,8,8,0,1,C|C++|Java|JavaScript|Golang,C|C++|C#|Java|JavaScript|Python3|Golang|Rust,C|C++|C#|Java|JavaScript|Python3|Golang|Rust,C#|Python3|Rust,,
258,6,8,8,0,1,C|C++|C#|Java|JavaScript|Python3,C|C++|C#|Java|JavaScript|Python3|Golang|Rust,C|C++|C#|Java|JavaScript|Python3|Golang|Rust,Golang|Rust,,
260,6,8,8,0,1,C|C++|C#|Java|JavaScript|Python3,C|C++|C#|Java|JavaScript|Python3|Golang|Rust,C|C++|C#|Java|JavaScript|Python3|Golang|Rust,Golang|Rust,,
263,5,8,8,0,1,C|C++|Java|JavaScript|Python3,C|C++|C#|Java|JavaScript|Python3|Golang|Rust,C|C++|C#|Java|JavaScript|Python3|Golang|Rust,C#|Golang|Rust,,
264,6,8,8,0,1,C|C++|C#|Java|JavaScript|Python3,C|C++|C#|Java|JavaScript|Python3|Golang|Rust,C|C++|C#|Java|JavaScript|Python3|Golang|Rust,Golang|Rust,,
268,5,8,8,0,1,C++|C#|Java|JavaScript|Python3,C|C++|C#|Java|JavaScript|Python3|Golang|Rust,C|C++|C#|Java|JavaScript|Python3|Golang|Rust,C|Golang|Rust,,
273,5,8,8,0,1,C++|C#|Java|JavaScript|Python3,C|C++|C#|Java|JavaScript|Python3|Golang|Rust,C|C++|C#|Java|JavaScript|Python3|Golang|Rust,C|Golang|Rust,,
274,6,8,8,0,1,C|C++|C#|Java|JavaScript|Python3,C|C++|C#|Java|JavaScript|Python3|Golang|Rust,C|C++|C#|Java|JavaScript|Python3|Golang|Rust,Golang|Rust,,
275,6,8,8,0,1,C|C++|C#|Java|JavaScript|Python3,C|C++|C#|Java|JavaScript|Python3|Golang|Rust,C|C++|C#|Java|JavaScript|Python3|Golang|Rust,Golang|Rust,,
278,5,8,8,0,1,C|C++|C#|Java|JavaScript,C|C++|C#|Java|JavaScript|Python3|Golang|Rust,C|C++|C#|Java|JavaScript|Python3|Golang|Rust,Python3|Golang|Rust,,
279,5,8,8,0,1,C|C++|C#|Java|JavaScript,C|C++|C#|Java|JavaScript|Python3|Golang|Rust,C|C++|C#|Java|JavaScript|Python3|Golang|Rust,Python3|Golang|Rust,,
282,5,8,8,0,1,C++|C#|Java|JavaScript|Python3,C|C++|C#|Java|JavaScript|Python3|Golang|Rust,C|C++|C#|Java|JavaScript|Python3|Golang|Rust,C|Golang|Rust,,
283,5,8,8,0,1,C|C++|Java|Python3|Golang,C|C++|C#|Java|JavaScript|Python3|Golang|Rust,C|C++|C#|Java|JavaScript|Python3|Golang|Rust,C#|JavaScript|Rust,,
284,5,7,7,0,0,C++|C#|Java|JavaScript|Python3,C|C++|C#|Java|JavaScript|Python3|Golang,C|C++|C#|Java|JavaScript|Python3|Golang,C|Golang,,Rust
287,3,8,8,0,1,C++|Java|JavaScript,C|C++|C#|Java|JavaScript|Python3|Golang|Rust,C|C++|C#|Java|JavaScript|Python3|Golang|Rust,C|C#|Python3|Golang|Rust,,
290,5,8,8,0,1,C++|Java|JavaScript|Python3|Golang,C|C++|C#|Java|JavaScript|Python3|Golang|Rust,C|C++|C#|Java|JavaScript|Python3|Golang|Rust,C|C#|Rust,,
292,6,8,8,0,1,C|C++|C#|Java|JavaScript|Python3,C|C++|C#|Java|JavaScript|Python3|Golang|Rust,C|C++|C#|Java|JavaScript|Python3|Golang|Rust,Golang|Rust,,
295,4,8,8,0,1,C++|C#|Java|Python3,C|C++|C#|Java|JavaScript|Python3|Golang|Rust,C|C++|C#|Java|JavaScript|Python3|Golang|Rust,C|JavaScript|Golang|Rust,,
299,5,8,8,0,1,C++|C#|Java|JavaScript|Python3,C|C++|C#|Java|JavaScript|Python3|Golang|Rust,C|C++|C#|Java|JavaScript|Python3|Golang|Rust,C|Golang|Rust,,
300,3,8,8,0,1,C++|Java|Python3,C|C++|C#|Java|JavaScript|Python3|Golang|Rust,C|C++|C#|Java|JavaScript|Python3|Golang|Rust,C|C#|JavaScript|Golang|Rust,,
301,5,8,8,0,1,C++|C#|Java|JavaScript|Python3,C|C++|C#|Java|JavaScript|Python3|Golang|Rust,C|C++|C#|Java|JavaScript|Python3|Golang|Rust,C|Golang|Rust,,
303,5,8,8,0,1,C|C++|Java|JavaScript|Python3,C|C++|C#|Java|JavaScript|Python3|Golang|Rust,C|C++|C#|Java|JavaScript|Python3|Golang|Rust,C#|Golang|Rust,,
306,6,8,8,0,1,C|C++|C#|Java|JavaScript|Python3,C|C++|C#|Java|JavaScript|Python3|Golang|Rust,C|C++|C#|Java|JavaScript|Python3|Golang|Rust,Golang|Rust,,
307,6,8,8,0,1,C|C++|C#|Java|JavaScript|Python3,C|C++|C#|Java|JavaScript|Python3|Golang|Rust,C|C++|C#|Java|JavaScript|Python3|Golang|Rust,Golang|Rust,,
309,4,8,8,0,1,C|C++|Java|Python3,C|C++|C#|Java|JavaScript|Python3|Golang|Rust,C|C++|C#|Java|JavaScript|Python3|Golang|Rust,C#|JavaScript|Golang|Rust,,
312,4,8,8,0,1,C|C++|Java|Python3,C|C++|C#|Java|JavaScript|Python3|Golang|Rust,C|C++|C#|Java|JavaScript|Python3|Golang|Rust,C#|JavaScript|Golang|Rust,,
313,6,8,8,0,1,C|C++|C#|Java|JavaScript|Python3,C|C++|C#|Java|JavaScript|Python3|Golang|Rust,C|C++|C#|Java|JavaScript|Python3|Golang|Rust,Golang|Rust,,
315,3,8,8,0,1,C|C++|Java,C|C++|C#|Java|JavaScript|Python3|Golang|Rust,C|C++|C#|Java|JavaScript|Python3|Golang|Rust,C#|JavaScript|Python3|Golang|Rust,,
316,5,8,8,0,1,C|C++|Java|JavaScript|Golang,C|C++|C#|Java|JavaScript|Python3|Golang|Rust,C|C++|C#|Java|JavaScript|Python3|Golang|Rust,C#|Python3|Rust,,
318,5,8,8,0,1,C++|C#|Java|JavaScript|Python3,C|C++|C#|Java|JavaScript|Python3|Golang|Rust,C|C++|C#|Java|JavaScript|Python3|Golang|Rust,C|Golang|Rust,,
321,6,8,8,0,1,C|C++|Java|JavaScript|Python3|Golang,C|C++|C#|Java|JavaScript|Python3|Golang|Rust,C|C++|C#|Java|JavaScript|Python3|Golang|Rust,C#|Rust,,
322,3,8,8,0,1,C++|Java|Python3,C|C++|C#|Java|JavaScript|Python3|Golang|Rust,C|C++|C#|Java|JavaScript|Python3|Golang|Rust,C|C#|JavaScript|Golang|Rust,,
324,6,8,8,0,1,C|C++|C#|Java|JavaScript|Python3,C|C++|C#|Java|JavaScript|Python3|Golang|Rust,C|C++|C#|Java|JavaScript|Python3|Golang|Rust,Golang|Rust,,
326,5,8,8,0,1,C++|C#|Java|JavaScript|Python3,C|C++|C#|Java|JavaScript|Python3|Golang|Rust,C|C++|C#|Java|JavaScript|Python3|Golang|Rust,C|Golang|Rust,,
327,5,8,8,0,1,C|C++|Java|JavaScript|Golang,C|C++|C#|Java|JavaScript|Python3|Golang|Rust,C|C++|C#|Java|JavaScript|Python3|Golang|Rust,C#|Python3|Rust,,
330,6,8,8,0,1,C|C++|C#|Java|JavaScript|Python3,C|C++|C#|Java|JavaScript|Python3|Golang|Rust,C|C++|C#|Java|JavaScript|Python3|Golang|Rust,Golang|Rust,,
334,6,8,8,0,1,C|C++|C#|Java|JavaScript|Python3,C|C++|C#|Java|JavaScript|Python3|Golang|Rust,C|C++|C#|Java|JavaScript|Python3|Golang|Rust,Golang|Rust,,
338,5,8,8,0,1,C|C++|Java|JavaScript|Python3,C|C++|C#|Java|JavaScript|Python3|Golang|Rust,C|C++|C#|Java|JavaScript|Python3|Golang|Rust,C#|Golang|Rust,,
341,4,8,8,0,1,C|C++|Java|JavaScript,C|C++|C#|Java|JavaScript|Python3|Golang|Rust,C|C++|C#|Java|JavaScript|Python3|Golang|Rust,C#|Python3|Golang|Rust,,
342,6,8,8,0,1,C|C++|C#|Java|JavaScript|Python3,C|C++|C#|Java|JavaScript|Python3|Golang|Rust,C|C++|C#|Java|JavaScript|Python3|Golang|Rust,Golang|Rust,,
343,5,8,8,0,1,C|C++|C#|Java|Python3,C|C++|C#|Java|JavaScript|Python3|Golang|Rust,C|C++|C#|Java|JavaScript|Python3|Golang|Rust,JavaScript|Golang|Rust,,
344,5,8,8,0,1,C|C++|Java|JavaScript|Golang,C|C++|C#|Java|JavaScript|Python3|Golang|Rust,C|C++|C#|Java|JavaScript|Python3|Golang|Rust,C#|Python3|Rust,,
345,6,8,8,0,1,C|C++|C#|Java|JavaScript|Python3,C|C++|C#|Java|JavaScript|Python3|Golang|Rust,C|C++|C#|Java|JavaScript|Python3|Golang|Rust,Golang|Rust,,
347,3,8,8,0,1,C|C++|Java,C|C++|C#|Java|JavaScript|Python3|Golang|Rust,C|C++|C#|Java|JavaScript|Python3|Golang|Rust,C#|JavaScript|Python3|Golang|Rust,,
349,6,8,8,0,1,C|C++|Java|JavaScript|Python3|Golang,C|C++|C#|Java|JavaScript|Python3|Golang|Rust,C|C++|C#|Java|JavaScript|Python3|Golang|Rust,C#|Rust,,
350,6,8,8,0,1,C|C#|Java|JavaScript|Python3|Rust,C|C++|C#|Java|JavaScript|Python3|Golang|Rust,C|C++|C#|Java|JavaScript|Python3|Golang|Rust,C++|Golang,,
352,3,8,8,0,1,C++|Java|Python3,C|C++|C#|Java|JavaScript|Python3|Golang|Rust,C|C++|C#|Java|JavaScript|Python3|Golang|Rust,C|C#|JavaScript|Golang|Rust,,
354,5,8,8,0,1,C|C++|Java|JavaScript|Python3,C|C++|C#|Java|JavaScript|Python3|Golang|Rust,C|C++|C#|Java|JavaScript|Python3|Golang|Rust,C#|Golang|Rust,,
355,3,8,8,0,1,C++|Java|Python3,C|C++|C#|Java|JavaScript|Python3|Golang|Rust,C|C++|C#|Java|JavaScript|Python3|Golang|Rust,C|C#|JavaScript|Golang|Rust,,
357,6,8,8,0,1,C|C++|C#|Java|JavaScript|Python3,C|C++|C#|Java|JavaScript|Python3|Golang|Rust,C|C++|C#|Java|JavaScript|Python3|Golang|Rust,Golang|Rust,,
365,3,8,8,0,1,C++|Java|Python3,C|C++|C#|Java|JavaScript|Python3|Golang|Rust,C|C++|C#|Java|JavaScript|Python3|Golang|Rust,C|C#|JavaScript|Golang|Rust,,
367,5,8,8,0,1,C++|C#|Java|JavaScript|Python3,C|C++|C#|Java|JavaScript|Python3|Golang|Rust,C|C++|C#|Java|JavaScript|Python3|Golang|Rust,C|Golang|Rust,,
368,4,8,8,0,1,C|C++|Java|JavaScript,C|C++|C#|Java|JavaScript|Python3|Golang|Rust,C|C++|C#|Java|JavaScript|Python3|Golang|Rust,C#|Python3|Golang|Rust,,
371,5,8,8,0,1,C++|C#|Java|JavaScript|Python3,C|C++|C#|Java|JavaScript|Python3|Golang|Rust,C|C++|C#|Java|JavaScript|Python3|Golang|Rust,C|Golang|Rust,,
372,5,8,8,0,1,C++|C#|Java|JavaScript|Python3,C|C++|C#|Java|JavaScript|Python3|Golang|Rust,C|C++|C#|Java|JavaScript|Python3|Golang|Rust,C|Golang|Rust,,
373,6,8,8,0,1,C|C++|C#|Java|JavaScript|Python3,C|C++|C#|Java|JavaScript|Python3|Golang|Rust,C|C++|C#|Java|JavaScript|Python3|Golang|Rust,Golang|Rust,,
374,6,8,8,0,1,C|C++|C#|Java|JavaScript|Python3,C|C++|C#|Java|JavaScript|Python3|Golang|Rust,C|C++|C#|Java|JavaScript|Python3|Golang|Rust,Golang|Rust,,
376,6,8,8,0,1,C|C++|Java|JavaScript|Python3|Golang,C|C++|C#|Java|JavaScript|Python3|Golang|Rust,C|C++|C#|Java|JavaScript|Python3|Golang|Rust,C#|Rust,,
377,5,8,8,0,1,C|C++|Java|JavaScript|Python3,C|C++|C#|Java|JavaScript|Python3|Golang|Rust,C|C++|C#|Java|JavaScript|Python3|Golang|Rust,C#|Golang|Rust,,
378,4,8,8,0,1,C|C++|Java|Python3,C|C++|C#|Java|JavaScript|Python3|Golang|Rust,C|C++|C#|Java|JavaScript|Python3|Golang|Rust,C#|JavaScript|Golang|Rust,,
380,6,8,8,0,1,C|C++|C#|Java|JavaScript|Python3,C|C++|C#|Java|JavaScript|Python3|Golang|Rust,C|C++|C#|Java|JavaScript|Python3|Golang|Rust,Golang|Rust,,
381,4,8,8,0,1,C++|Java|JavaScript|Golang,C|C++|C#|Java|JavaScript|Python3|Golang|Rust,C|C++|C#|Java|JavaScript|Python3|Golang|Rust,C|C#|Python3|Rust,,
383,5,8,8,0,1,C++|C#|Java|JavaScript|Python3,C|C++|C#|Java|JavaScript|Python3|Golang|Rust,C|C++|C#|Java|JavaScript|Python3|Golang|Rust,C|Golang|Rust,,
384,5,8,8,0,1,C++|C#|Java|JavaScript|Python3,C|C++|C#|Java|JavaScript|Python3|Golang|Rust,C|C++|C#|Java|JavaScript|Python3|Golang|Rust,C|Golang|Rust,,
385,6,8,8,0,1,C|C++|C#|Java|JavaScript|Python3,C|C++|C#|Java|JavaScript|Python3|Golang|Rust,C|C++|C#|Java|JavaScript|Python3|Golang|Rust,Golang|Rust,,
386,6,8,8,0,1,C|C++|C#|Java|JavaScript|Python3,C|C++|C#|Java|JavaScript|Python3|Golang|Rust,C|C++|C#|Java|JavaScript|Python3|Golang|Rust,Golang|Rust,,
387,6,8,8,0,1,C|C++|Java|JavaScript|Python3|Golang,C|C++|C#|Java|JavaScript|Python3|Golang|Rust,C|C++|C#|Java|JavaScript|Python3|Golang|Rust,C#|Rust,,
389,5,8,8,0,1,C|C++|Java|JavaScript|Golang,C|C++|C#|Java|JavaScript|Python3|Golang|Rust,C|C++|C#|Java|JavaScript|Python3|Golang|Rust,C#|Python3|Rust,,
390,6,8,8,0,1,C|C++|C#|Java|JavaScript|Python3,C|C++|C#|Java|JavaScript|Python3|Golang|Rust,C|C++|C#|Java|JavaScript|Python3|Golang|Rust,Golang|Rust,,
392,4,8,8,0,1,C|C++|Java|Python3,C|C++|C#|Java|JavaScript|Python3|Golang|Rust,C|C++|C#|Java|JavaScript|Python3|Golang|Rust,C#|JavaScript|Golang|Rust,,
393,6,8,8,0,1,C|C++|C#|Java|JavaScript|Python3,C|C++|C#|Java|JavaScript|Python3|Golang|Rust,C|C++|C#|Java|JavaScript|Python3|Golang|Rust,Golang|Rust,,
394,1,8,8,0,1,Java,C|C++|C#|Java|JavaScript|Python3|Golang|Rust,C|C++|C#|Java|JavaScript|Python3|Golang|Rust,C|C++|C#|JavaScript|Python3|Golang|Rust,,
395,4,8,8,0,1,C|C++|Java|JavaScript,C|C++|C#|Java|JavaScript|Python3|Golang|Rust,C|C++|C#|Java|JavaScript|Python3|Golang|Rust,C#|Python3|Golang|Rust,,
396,6,8,8,0,1,C|C++|C#|Java|JavaScript|Python3,C|C++|C#|Java|JavaScript|Python3|Golang|Rust,C|C++|C#|Java|JavaScript|Python3|Golang|Rust,Golang|Rust,,
397,5,8,8,0,1,C++|C#|Java|JavaScript|Python3,C|C++|C#|Java|JavaScript|Python3|Golang|Rust,C|C++|C#|Java|JavaScript|Python3|Golang|Rust,C|Golang|Rust,,
398,6,8,8,0,1,C|C++|C#|Java|JavaScript|Python3,C|C++|C#|Java|JavaScript|Python3|Golang|Rust,C|C++|C#|Java|JavaScript|Python3|Golang|Rust,Golang|Rust,,
399,3,8,8,0,1,C++|Java|JavaScript,C|C++|C#|Java|JavaScript|Python3|Golang|Rust,C|C++|C#|Java|JavaScript|Python3|Golang|Rust,C|C#|Python3|Golang|Rust,,
400,5,8,8,0,1,C++|C#|Java|JavaScript|Python3,C|C++|C#|Java|JavaScript|Python3|Golang|Rust,C|C++|C#|Java|JavaScript|Python3|Golang|Rust,C|Golang|Rust,,
402,5,8,8,0,1,C|C++|Java|JavaScript|Golang,C|C++|C#|Java|JavaScript|Python3|Golang|Rust,C|C++|C#|Java|JavaScript|Python3|Golang|Rust,C#|Python3|Rust,,
403,4,8,8,0,1,C|C++|Java|JavaScript,C|C++|C#|Java|JavaScript|Python3|Golang|Rust,C|C++|C#|Java|JavaScript|Python3|Golang|Rust,C#|Python3|Golang|Rust,,
405,4,8,8,0,1,C++|C#|Java|JavaScript,C|C++|C#|Java|JavaScript|Python3|Golang|Rust,C|C++|C#|Java|JavaScript|Python3|Golang|Rust,C|Python3|Golang|Rust,,
406,5,8,8,0,1,C|C++|Java|Python3|Golang,C|C++|C#|Java|JavaScript|Python3|Golang|Rust,C|C++|C#|Java|JavaScript|Python3|Golang|Rust,C#|JavaScript|Rust,,
409,3,8,8,0,1,C++|Java|Python3,C|C++|C#|Java|JavaScript|Python3|Golang|Rust,C|C++|C#|Java|JavaScript|Python3|Golang|Rust,C|C#|JavaScript|Golang|Rust,,
410,4,8,8,0,1,C|C++|Java|Python3,C|C++|C#|Java|JavaScript|Python3|Golang|Rust,C|C++|C#|Java|JavaScript|Python3|Golang|Rust,C#|JavaScript|Golang|Rust,,
412,5,8,8,0,1,C++|C#|Java|JavaScript|Python3,C|C++|C#|Java|JavaScript|Python3|Golang|Rust,C|C++|C#|Java|JavaScript|Python3|Golang|Rust,C|Golang|Rust,,
413,6,8,8,0,1,C|C++|C#|Java|JavaScript|Python3,C|C++|C#|Java|JavaScript|Python3|Golang|Rust,C|C++|C#|Java|JavaScript|Python3|Golang|Rust,Golang|Rust,,
414,5,8,8,0,1,C++|C#|Java|JavaScript|Python3,C|C++|C#|Java|JavaScript|Python3|Golang|Rust,C|C++|C#|Java|JavaScript|Python3|Golang|Rust,C|Golang|Rust,,
415,4,8,8,0,1,C|C++|Java|JavaScript,C|C++|C#|Java|JavaScript|Python3|Golang|Rust,C|C++|C#|Java|JavaScript|Python3|Golang|Rust,C#|Python3|Golang|Rust,,
416,6,8,8,0,1,C|C++|Java|JavaScript|Python3|Golang,C|C++|C#|Java|JavaScript|Python3|Golang|Rust,C|C++|C#|Java|JavaScript|Python3|Golang|Rust,C#|Rust,,
420,6,8,8,0,1,C|C++|C#|Java|JavaScript|Python3,C|C++|C#|Java|JavaScript|Python3|Golang|Rust,C|C++|C#|Java|JavaScript|Python3|Golang|Rust,Golang|Rust,,
421,6,8,8,0,1,C|C++|C#|Java|JavaScript|Python3,C|C++|C#|Java|JavaScript|Python3|Golang|Rust,C|C++|C#|Java|JavaScript|Python3|Golang|Rust,Golang|Rust,,
423,5,8,8,0,1,C++|C#|Java|JavaScript|Python3,C|C++|C#|Java|JavaScript|Python3|Golang|Rust,C|C++|C#|Java|JavaScript|Python3|Golang|Rust,C|Golang|Rust,,
424,5,8,8,0,1,C|C++|Java|JavaScript|Python3,C|C++|C#|Java|JavaScript|Python3|Golang|Rust,C|C++|C#|Java|JavaScript|Python3|Golang|Rust,C#|Golang|Rust,,
432,5,8,8,0,1,C++|C#|Java|JavaScript|Python3,C|C++|C#|Java|JavaScript|Python3|Golang|Rust,C|C++|C#|Java|JavaScript|Python3|Golang|Rust,C|Golang|Rust,,
433,6,8,8,0,1,C|C++|C#|Java|JavaScript|Python3,C|C++|C#|Java|JavaScript|Python3|Golang|Rust,C|C++|C#|Java|JavaScript|Python3|Golang|Rust,Golang|Rust,,
434,5,8,8,0,1,C++|C#|Java|JavaScript|Python3,C|C++|C#|Java|JavaScript|Python3|Golang|Rust,C|C++|C#|Java|JavaScript|Python3|Golang|Rust,C|Golang|Rust,,
435,5,8,8,0,1,C|C++|Java|JavaScript|Python3,C|C++|C#|Java|JavaScript|Python3|Golang|Rust,C|C++|C#|Java|JavaScript|Python3|Golang|Rust,C#|Golang|Rust,,
436,6,8,8,0,1,C|C++|C#|Java|JavaScript|Python3,C|C++|C#|Java|JavaScript|Python3|Golang|Rust,C|C++|C#|Java|JavaScript|Python3|Golang|Rust,Golang|Rust,,
438,5,8,8,0,1,C++|C#|Java|JavaScript|Python3,C|C++|C#|Java|JavaScript|Python3|Golang|Rust,C|C++|C#|Java|JavaScript|Python3|Golang|Rust,C|Golang|Rust,,
440,6,8,8,0,1,C|C++|C#|Java|JavaScript|Python3,C|C++|C#|Java|JavaScript|Python3|Golang|Rust,C|C++|C#|Java|JavaScript|Python3|Golang|Rust,Golang|Rust,,
442,6,8,8,0,1,C|C++|C#|Java|JavaScript|Python3,C|C++|C#|Java|JavaScript|Python3|Golang|Rust,C|C++|C#|Java|JavaScript|Python3|Golang|Rust,Golang|Rust,,
443,6,8,8,0,1,C|C++|C#|Java|JavaScript|Python3,C|C++|C#|Java|JavaScript|Python3|Golang|Rust,C|C++|C#|Java|JavaScript|Python3|Golang|Rust,Golang|Rust,,
446,6,8,8,0,1,C|C++|C#|Java|JavaScript|Python3,C|C++|C#|Java|JavaScript|Python3|Golang|Rust,C|C++|C#|Java|JavaScript|Python3|Golang|Rust,Golang|Rust,,
447,5,8,8,0,1,C++|C#|Java|JavaScript|Python3,C|C++|C#|Java|JavaScript|Python3|Golang|Rust,C|C++|C#|Java|JavaScript|Python3|Golang|Rust,C|Golang|Rust,,
448,5,8,8,0,1,C|C++|Java|JavaScript|Python3,C|C++|C#|Java|JavaScript|Python3|Golang|Rust,C|C++|C#|Java|JavaScript|Python3|Golang|Rust,C#|Golang|Rust,,
449,6,8,8,0,1,C|C++|C#|Java|JavaScript|Python3,C|C++|C#|Java|JavaScript|Python3|Golang|Rust,C|C++|C#|Java|JavaScript|Python3|Golang|Rust,Golang|Rust,,
451,5,8,8,0,1,C|C++|C#|Java|JavaScript,C|C++|C#|Java|JavaScript|Python3|Golang|Rust,C|C++|C#|Java|JavaScript|Python3|Golang|Rust,Python3|Golang|Rust,,
452,6,8,8,0,1,C|C++|Java|JavaScript|Python3|Golang,C|C++|C#|Java|JavaScript|Python3|Golang|Rust,C|C++|C#|Java|JavaScript|Python3|Golang|Rust,C#|Rust,,
453,5,8,8,0,1,C++|C#|Java|JavaScript|Python3,C|C++|C#|Java|JavaScript|Python3|Golang|Rust,C|C++|C#|Java|JavaScript|Python3|Golang|Rust,C|Golang|Rust,,
454,6,8,8,0,1,C|C++|Java|JavaScript|Python3|Golang,C|C++|C#|Java|JavaScript|Python3|Golang|Rust,C|C++|C#|Java|JavaScript|Python3|Golang|Rust,C#|Rust,,
455,6,8,8,0,1,C|C++|Java|JavaScript|Python3|Golang,C|C++|C#|Java|JavaScript|Python3|Golang|Rust,C|C++|C#|Java|JavaScript|Python3|Golang|Rust,C#|Rust,,
456,5,8,8,0,1,C|C++|Java|JavaScript|Python3,C|C++|C#|Java|JavaScript|Python3|Golang|Rust,C|C++|C#|Java|JavaScript|Python3|Golang|Rust,C#|Golang|Rust,,
458,5,8,8,0,1,C++|C#|Java|JavaScript|Python3,C|C++|C#|Java|JavaScript|Python3|Golang|Rust,C|C++|C#|Java|JavaScript|Python3|Golang|Rust,C|Golang|Rust,,
459,4,8,8,0,1,C|C++|Java|Python3,C|C++|C#|Java|JavaScript|Python3|Golang|Rust,C|C++|C#|Java|JavaScript|Python3|Golang|Rust,C#|JavaScript|Golang|Rust,,
460,3,8,8,0,1,C++|Java|Python3,C|C++|C#|Java|JavaScript|Python3|Golang|Rust,C|C++|C#|Java|JavaScript|Python3|Golang|Rust,C|C#|JavaScript|Golang|Rust,,
461,5,8,8,0,1,C|C++|C#|Java|JavaScript,C|C++|C#|Java|JavaScript|Python3|Golang|Rust,C|C++|C#|Java|JavaScript|Python3|Golang|Rust,Python3|Golang|Rust,,
462,6,8,8,0,1,C|C++|C#|Java|JavaScript|Python3,C|C++|C#|Java|JavaScript|Python3|Golang|Rust,C|C++|C#|Java|JavaScript|Python3|Golang|Rust,Golang|Rust,,
464,6,8,8,0,1,C|C++|C#|Java|JavaScript|Python3,C|C++|C#|Java|JavaScript|Python3|Golang|Rust,C|C++|C#|Java|JavaScript|Python3|Golang|Rust,Golang|Rust,,
466,3,8,8,0,1,C++|Java|Python3,C|C++|C#|Java|JavaScript|Python3|Golang|Rust,C|C++|C#|Java|JavaScript|Python3|Golang|Rust,C|C#|JavaScript|Golang|Rust,,
467,6,8,8,0,1,C|C++|C#|Java|JavaScript|Python3,C|C++|C#|Java|JavaScript|Python3|Golang|Rust,C|C++|C#|Java|JavaScript|Python3|Golang|Rust,Golang|Rust,,
468,6,8,8,0,1,C|C++|C#|Java|JavaScript|Python3,C|C++|C#|Java|JavaScript|Python3|Golang|Rust,C|C++|C#|Java|JavaScript|Python3|Golang|Rust,Golang|Rust,,
470,5,8,8,0,1,C++|C#|Java|JavaScript|Python3,C|C++|C#|Java|JavaScript|Python3|Golang|Rust,C|C++|C#|Java|JavaScript|Python3|Golang|Rust,C|Golang|Rust,,
472,5,8,8,0,1,C|C++|C#|Java|Python3,C|C++|C#|Java|JavaScript|Python3|Golang|Rust,C|C++|C#|Java|JavaScript|Python3|Golang|Rust,JavaScript|Golang|Rust,,
474,5,8,8,0,1,C|C++|C#|Java|JavaScript,C|C++|C#|Java|JavaScript|Python3|Golang|Rust,C|C++|C#|Java|JavaScript|Python3|Golang|Rust,Python3|Golang|Rust,,
475,6,8,8,0,1,C|C++|C#|Java|JavaScript|Python3,C|C++|C#|Java|JavaScript|Python3|Golang|Rust,C|C++|C#|Java|JavaScript|Python3|Golang|Rust,Golang|Rust,,
476,5,8,8,0,1,C++|C#|Java|JavaScript|Python3,C|C++|C#|Java|JavaScript|Python3|Golang|Rust,C|C++|C#|Java|JavaScript|Python3|Golang|Rust,C|Golang|Rust,,
477,6,8,8,0,1,C|C++|C#|Java|JavaScript|Python3,C|C++|C#|Java|JavaScript|Python3|Golang|Rust,C|C++|C#|Java|JavaScript|Python3|Golang|Rust,Golang|Rust,,
478,6,8,8,0,1,C|C++|C#|Java|JavaScript|Python3,C|C++|C#|Java|JavaScript|Python3|Golang|Rust,C|C++|C#|Java|JavaScript|Python3|Golang|Rust,Golang|Rust,,
479,6,8,8,0,1,C|C++|C#|Java|JavaScript|Python3,C|C++|C#|Java|JavaScript|Python3|Golang|Rust,C|C++|C#|Java|JavaScript|Python3|Golang|Rust,Golang|Rust,,
480,4,8,8,0,1,C|C++|Java|Python3,C|C++|C#|Java|JavaScript|Python3|Golang|Rust,C|C++|C#|Java|JavaScript|Python3|Golang|Rust,C#|JavaScript|Golang|Rust,,
481,6,8,8,0,1,C|C++|C#|Java|JavaScript|Python3,C|C++|C#|Java|JavaScript|Python3|Golang|Rust,C|C++|C#|Java|JavaScript|Python3|Golang|Rust,Golang|Rust,,
482,5,8,8,0,1,C++|C#|Java|JavaScript|Python3,C|C++|C#|Java|JavaScript|Python3|Golang|Rust,C|C++|C#|Java|JavaScript|Python3|Golang|Rust,C|Golang|Rust,,
483,5,8,8,0,1,C|C++|C#|Java|JavaScript,C|C++|C#|Java|JavaScript|Python3|Golang|Rust,C|C++|C#|Java|JavaScript|Python3|Golang|Rust,Python3|Golang|Rust,,
485,5,8,8,0,1,C|C++|Java|JavaScript|Python3,C|C++|C#|Java|JavaScript|Python3|Golang|Rust,C|C++|C#|Java|JavaScript|Python3|Golang|Rust,C#|Golang|Rust,,
486,3,8,8,0,1,C|Java|Python3,C|C++|C#|Java|JavaScript|Python3|Golang|Rust,C|C++|C#|Java|JavaScript|Python3|Golang|Rust,C++|C#|JavaScript|Golang|Rust,,
488,5,5,5,0,0,C++|C#|Java|JavaScript|Python3,C++|C#|Java|JavaScript|Python3,C++|C#|Java|JavaScript|Python3,,,C|Golang|Rust
491,2,8,8,0,1,C|Java,C|C++|C#|Java|JavaScript|Python3|Golang|Rust,C|C++|C#|Java|JavaScript|Python3|Golang|Rust,C++|C#|JavaScript|Python3|Golang|Rust,,
492,5,8,8,0,1,C++|C#|Java|JavaScript|Python3,C|C++|C#|Java|JavaScript|Python3|Golang|Rust,C|C++|C#|Java|JavaScript|Python3|Golang|Rust,C|Golang|Rust,,
493,5,8,8,0,1,C|C++|Java|JavaScript|Golang,C|C++|C#|Java|JavaScript|Python3|Golang|Rust,C|C++|C#|Java|JavaScript|Python3|Golang|Rust,C#|Python3|Rust,,
494,5,8,8,0,1,C|C++|C#|Java|JavaScript,C|C++|C#|Java|JavaScript|Python3|Golang|Rust,C|C++|C#|Java|JavaScript|Python3|Golang|Rust,Python3|Golang|Rust,,
495,5,8,8,0,1,C++|C#|Java|JavaScript|Python3,C|C++|C#|Java|JavaScript|Python3|Golang|Rust,C|C++|C#|Java|JavaScript|Python3|Golang|Rust,C|Golang|Rust,,
496,5,8,8,0,1,C++|C#|Java|JavaScript|Python3,C|C++|C#|Java|JavaScript|Python3|Golang|Rust,C|C++|C#|Java|JavaScript|Python3|Golang|Rust,C|Golang|Rust,,
502,3,8,8,0,1,C++|Java|Python3,C|C++|C#|Java|JavaScript|Python3|Golang|Rust,C|C++|C#|Java|JavaScript|Python3|Golang|Rust,C|C#|JavaScript|Golang|Rust,,
503,5,8,8,0,1,C|C++|Java|JavaScript|Python3,C|C++|C#|Java|JavaScript|Python3|Golang|Rust,C|C++|C#|Java|JavaScript|Python3|Golang|Rust,C#|Golang|Rust,,
504,6,8,8,0,1,C|C++|C#|Java|JavaScript|Python3,C|C++|C#|Java|JavaScript|Python3|Golang|Rust,C|C++|C#|Java|JavaScript|Python3|Golang|Rust,Golang|Rust,,
506,5,8,8,0,1,C++|C#|Java|JavaScript|Python3,C|C++|C#|Java|JavaScript|Python3|Golang|Rust,C|C++|C#|Java|JavaScript|Python3|Golang|Rust,C|Golang|Rust,,
507,6,8,8,0,1,C|C++|C#|Java|JavaScript|Python3,C|C++|C#|Java|JavaScript|Python3|Golang|Rust,C|C++|C#|Java|JavaScript|Python3|Golang|Rust,Golang|Rust,,
509,5,8,8,0,1,C|C++|Java|JavaScript|Python3,C|C++|C#|Java|JavaScript|Python3|Golang|Rust,C|C++|C#|Java|JavaScript|Python3|Golang|Rust,C#|Golang|Rust,,
516,6,8,8,0,1,C|C++|C#|Java|JavaScript|Python3,C|C++|C#|Java|JavaScript|Python3|Golang|Rust,C|C++|C#|Java|JavaScript|Python3|Golang|Rust,Golang|Rust,,
517,5,8,8,0,1,C++|C#|Java|JavaScript|Python3,C|C++|C#|Java|JavaScript|Python3|Golang|Rust,C|C++|C#|Java|JavaScript|Python3|Golang|Rust,C|Golang|Rust,,
518,5,8,8,0,1,C|C++|C#|Java|JavaScript,C|C++|C#|Java|JavaScript|Python3|Golang|Rust,C|C++|C#|Java|JavaScript|Python3|Golang|Rust,Python3|Golang|Rust,,
519,5,8,8,0,1,C++|C#|Java|JavaScript|Python3,C|C++|C#|Java|JavaScript|Python3|Golang|Rust,C|C++|C#|Java|JavaScript|Python3|Golang|Rust,C|Golang|Rust,,
520,5,8,8,0,1,C++|C#|Java|JavaScript|Python3,C|C++|C#|Java|JavaScript|Python3|Golang|Rust,C|C++|C#|Java|JavaScript|Python3|Golang|Rust,C|Golang|Rust,,
521,6,8,8,0,1,C|C++|C#|Java|JavaScript|Python3,C|C++|C#|Java|JavaScript|Python3|Golang|Rust,C|C++|C#|Java|JavaScript|Python3|Golang|Rust,Golang|Rust,,
522,6,8,8,0,1,C|C++|C#|Java|JavaScript|Python3,C|C++|C#|Java|JavaScript|Python3|Golang|Rust,C|C++|C#|Java|JavaScript|Python3|Golang|Rust,Golang|Rust,,
523,5,8,8,0,1,C|C++|C#|Java|JavaScript,C|C++|C#|Java|JavaScript|Python3|Golang|Rust,C|C++|C#|Java|JavaScript|Python3|Golang|Rust,Python3|Golang|Rust,,
524,4,8,8,0,1,C#|Java|JavaScript|Python3,C|C++|C#|Java|JavaScript|Python3|Golang|Rust,C|C++|C#|Java|JavaScript|Python3|Golang|Rust,C|C++|Golang|Rust,,
525,5,8,8,0,1,C|C++|C#|Java|JavaScript,C|C++|C#|Java|JavaScript|Python3|Golang|Rust,C|C++|C#|Java|JavaScript|Python3|Golang|Rust,Python3|Golang|Rust,,
526,6,8,8,0,1,C|C++|C#|Java|JavaScript|Python3,C|C++|C#|Java|JavaScript|Python3|Golang|Rust,C|C++|C#|Java|JavaScript|Python3|Golang|Rust,Golang|Rust,,
528,6,8,8,0,1,C|C++|C#|Java|JavaScript|Python3,C|C++|C#|Java|JavaScript|Python3|Golang|Rust,C|C++|C#|Java|JavaScript|Python3|Golang|Rust,Golang|Rust,,
532,6,8,8,0,1,C|C++|C#|Java|JavaScript|Python3,C|C++|C#|Java|JavaScript|Python3|Golang|Rust,C|C++|C#|Java|JavaScript|Python3|Golang|Rust,Golang|Rust,,
535,6,8,8,0,1,C|C++|C#|Java|JavaScript|Python3,C|C++|C#|Java|JavaScript|Python3|Golang|Rust,C|C++|C#|Java|JavaScript|Python3|Golang|Rust,Golang|Rust,,
537,6,8,8,0,1,C|C++|C#|Java|JavaScript|Python3,C|C++|C#|Java|JavaScript|Python3|Golang|Rust,C|C++|C#|Java|JavaScript|Python3|Golang|Rust,Golang|Rust,,
539,6,8,8,0,1,C|C++|C#|Java|JavaScript|Python3,C|C++|C#|Java|JavaScript|Python3|Golang|Rust,C|C++|C#|Java|JavaScript|Python3|Golang|Rust,Golang|Rust,,
540,6,8,8,0,1,C|C++|C#|Java|JavaScript|Python3,C|C++|C#|Java|JavaScript|Python3|Golang|Rust,C|C++|C#|Java|JavaScript|Python3|Golang|Rust,Golang|Rust,,
541,7,8,8,0,1,C|C++|C#|Java|JavaScript|Python3|Rust,C|C++|C#|Java|JavaScript|Python3|Golang|Rust,C|C++|C#|Java|JavaScript|Python3|Golang|Rust,Golang,,
546,2,8,8,0,1,C|Java,C|C++|C#|Java|JavaScript|Python3|Golang|Rust,C|C++|C#|Java|JavaScript|Python3|Golang|Rust,C++|C#|JavaScript|Python3|Golang|Rust,,
551,6,8,8,0,1,C|C++|C#|Java|JavaScript|Python3,C|C++|C#|Java|JavaScript|Python3|Golang|Rust,C|C++|C#|Java|JavaScript|Python3|Golang|Rust,Golang|Rust,,
552,6,8,8,0,1,C|C++|C#|Java|JavaScript|Python3,C|C++|C#|Java|JavaScript|Python3|Golang|Rust,C|C++|C#|Java|JavaScript|Python3|Golang|Rust,Golang|Rust,,
553,6,8,8,0,1,C|C++|C#|Java|JavaScript|Python3,C|C++|C#|Java|JavaScript|Python3|Golang|Rust,C|C++|C#|Java|JavaScript|Python3|Golang|Rust,Golang|Rust,,
556,6,8,8,0,1,C|C++|C#|Java|JavaScript|Python3,C|C++|C#|Java|JavaScript|Python3|Golang|Rust,C|C++|C#|Java|JavaScript|Python3|Golang|Rust,Golang|Rust,,
557,4,8,8,0,1,C|C++|Java|JavaScript,C|C++|C#|Java|JavaScript|Python3|Golang|Rust,C|C++|C#|Java|JavaScript|Python3|Golang|Rust,C#|Python3|Golang|Rust,,
560,3,8,8,0,1,C++|Java|JavaScript,C|C++|C#|Java|JavaScript|Python3|Golang|Rust,C|C++|C#|Java|JavaScript|Python3|Golang|Rust,C|C#|Python3|Golang|Rust,,
561,5,8,8,0,1,C|C++|Java|JavaScript|Python3,C|C++|C#|Java|JavaScript|Python3|Golang|Rust,C|C++|C#|Java|JavaScript|Python3|Golang|Rust,C#|Golang|Rust,,
564,5,8,8,0,1,C|C++|C#|Java|Python3,C|C++|C#|Java|JavaScript|Python3|Golang|Rust,C|C++|C#|Java|JavaScript|Python3|Golang|Rust,JavaScript|Golang|Rust,,
565,6,8,8,0,1,C|C++|C#|Java|JavaScript|Python3,C|C++|C#|Java|JavaScript|Python3|Golang|Rust,C|C++|C#|Java|JavaScript|Python3|Golang|Rust,Golang|Rust,,
567,4,8,8,0,1,C|C++|Java|JavaScript,C|C++|C#|Java|JavaScript|Python3|Golang|Rust,C|C++|C#|Java|JavaScript|Python3|Golang|Rust,C#|Python3|Golang|Rust,,
575,5,8,8,0,1,C++|C#|Java|JavaScript|Python3,C|C++|C#|Java|JavaScript|Python3|Golang|Rust,C|C++|C#|Java|JavaScript|Python3|Golang|Rust,C|Golang|Rust,,
581,6,8,8,0,1,C|C++|C#|Java|JavaScript|Python3,C|C++|C#|Java|JavaScript|Python3|Golang|Rust,C|C++|C#|Java|JavaScript|Python3|Golang|Rust,Golang|Rust,,
583,5,8,8,0,1,C++|C#|Java|JavaScript|Python3,C|C++|C#|Java|JavaScript|Python3|Golang|Rust,C|C++|C#|Java|JavaScript|Python3|Golang|Rust,C|Golang|Rust,,
591,6,8,8,0,1,C|C++|C#|Java|JavaScript|Python3,C|C++|C#|Java|JavaScript|Python3|Golang|Rust,C|C++|C#|Java|JavaScript|Python3|Golang|Rust,Golang|Rust,,
592,6,8,8,0,1,C|C++|C#|Java|JavaScript|Python3,C|C++|C#|Java|JavaScript|Python3|Golang|Rust,C|C++|C#|Java|JavaScript|Python3|Golang|Rust,Golang|Rust,,
593,6,8,8,0,1,C|C++|C#|Java|JavaScript|Python3,C|C++|C#|Java|JavaScript|Python3|Golang|Rust,C|C++|C#|Java|JavaScript|Python3|Golang|Rust,Golang|Rust,,
594,5,7,7,0,0,C++|C#|Java|JavaScript|Python3,C++|C#|Java|JavaScript|Python3|Golang|Rust,C++|C#|Java|JavaScript|Python3|Golang|Rust,Golang|Rust,,C
599,6,8,8,0,1,C|C++|C#|Java|JavaScript|Python3,C|C++|C#|Java|JavaScript|Python3|Golang|Rust,C|C++|C#|Java|JavaScript|Python3|Golang|Rust,Golang|Rust,,
600,5,8,8,0,1,C++|C#|Java|JavaScript|Python3,C|C++|C#|Java|JavaScript|Python3|Golang|Rust,C|C++|C#|Java|JavaScript|Python3|Golang|Rust,C|Golang|Rust,,
605,5,8,8,0,1,C|C++|Java|JavaScript|Python3,C|C++|C#|Java|JavaScript|Python3|Golang|Rust,C|C++|C#|Java|JavaScript|Python3|Golang|Rust,C#|Golang|Rust,,
611,6,8,8,0,1,C|C++|C#|Java|JavaScript|Python3,C|C++|C#|Java|JavaScript|Python3|Golang|Rust,C|C++|C#|Java|JavaScript|Python3|Golang|Rust,Golang|Rust,,
621,6,8,8,0,1,C|C++|Java|JavaScript|Python3|Golang,C|C++|C#|Java|JavaScript|Python3|Golang|Rust,C|C++|C#|Java|JavaScript|Python3|Golang|Rust,C#|Rust,,
622,6,8,8,0,1,C|C++|C#|Java|JavaScript|Python3,C|C++|C#|Java|JavaScript|Python3|Golang|Rust,C|C++|C#|Java|JavaScript|Python3|Golang|Rust,Golang|Rust,,
624,8,8,8,1,1,C|C++|C#|Java|JavaScript|Python3|Golang|Rust,C|C++|C#|Java|JavaScript|Python3|Golang|Rust,C|C++|C#|Java|JavaScript|Python3|Golang|Rust,,,
628,4,8,8,0,1,C|C++|Java|JavaScript,C|C++|C#|Java|JavaScript|Python3|Golang|Rust,C|C++|C#|Java|JavaScript|Python3|Golang|Rust,C#|Python3|Golang|Rust,,
629,5,8,8,0,1,C++|C#|Java|JavaScript|Python3,C|C++|C#|Java|JavaScript|Python3|Golang|Rust,C|C++|C#|Java|JavaScript|Python3|Golang|Rust,C|Golang|Rust,,
630,3,8,8,0,1,C++|Java|Python3,C|C++|C#|Java|JavaScript|Python3|Golang|Rust,C|C++|C#|Java|JavaScript|Python3|Golang|Rust,C|C#|JavaScript|Golang|Rust,,
632,7,8,8,0,1,C|C++|Java|JavaScript|Python3|Golang|Rust,C|C++|C#|Java|JavaScript|Python3|Golang|Rust,C|C++|C#|Java|JavaScript|Python3|Golang|Rust,C#,,
633,6,8,8,0,1,C|C++|C#|Java|JavaScript|Rust,C|C++|C#|Java|JavaScript|Python3|Golang|Rust,C|C++|C#|Java|JavaScript|Python3|Golang|Rust,Python3|Golang,,
638,5,8,8,0,1,C++|C#|Java|JavaScript|Python3,C|C++|C#|Java|JavaScript|Python3|Golang|Rust,C|C++|C#|Java|JavaScript|Python3|Golang|Rust,C|Golang|Rust,,
639,5,8,8,0,1,C++|C#|Java|JavaScript|Python3,C|C++|C#|Java|JavaScript|Python3|Golang|Rust,C|C++|C#|Java|JavaScript|Python3|Golang|Rust,C|Golang|Rust,,
640,6,8,8,0,1,C|C++|C#|Java|JavaScript|Python3,C|C++|C#|Java|JavaScript|Python3|Golang|Rust,C|C++|C#|Java|JavaScript|Python3|Golang|Rust,Golang|Rust,,
641,6,8,8,0,1,C|C++|C#|Java|JavaScript|Python3,C|C++|C#|Java|JavaScript|Python3|Golang|Rust,C|C++|C#|Java|JavaScript|Python3|Golang|Rust,Golang|Rust,,
643,5,8,8,0,1,C|C++|Java|JavaScript|Python3,C|C++|C#|Java|JavaScript|Python3|Golang|Rust,C|C++|C#|Java|JavaScript|Python3|Golang|Rust,C#|Golang|Rust,,
645,5,8,8,0,1,C|C++|C#|Java|JavaScript,C|C++|C#|Java|JavaScript|Python3|Golang|Rust,C|C++|C#|Java|JavaScript|Python3|Golang|Rust,Python3|Golang|Rust,,
646,6,8,8,0,1,C|C++|C#|Java|JavaScript|Python3,C|C++|C#|Java|JavaScript|Python3|Golang|Rust,C|C++|C#|Java|JavaScript|Python3|Golang|Rust,Golang|Rust,,
647,3,8,8,0,1,C|Java|JavaScript,C|C++|C#|Java|JavaScript|Python3|Golang|Rust,C|C++|C#|Java|JavaScript|Python3|Golang|Rust,C++|C#|Python3|Golang|Rust,,
648,6,8,8,0,1,C|C++|C#|Java|JavaScript|Python3,C|C++|C#|Java|JavaScript|Python3|Golang|Rust,C|C++|C#|Java|JavaScript|Python3|Golang|Rust,Golang|Rust,,
649,6,8,8,0,1,C|C++|Java|JavaScript|Python3|Golang,C|C++|C#|Java|JavaScript|Python3|Golang|Rust,C|C++|C#|Java|JavaScript|Python3|Golang|Rust,C#|Rust,,
650,5,8,8,0,1,C++|C#|Java|JavaScript|Python3,C|C++|C#|Java|JavaScript|Python3|Golang|Rust,C|C++|C#|Java|JavaScript|Python3|Golang|Rust,C|Golang|Rust,,
657,4,8,8,0,1,C|C++|Java|Python3,C|C++|C#|Java|JavaScript|Python3|Golang|Rust,C|C++|C#|Java|JavaScript|Python3|Golang|Rust,C#|JavaScript|Golang|Rust,,
658,6,8,8,0,1,C|C++|C#|Java|JavaScript|Python3,C|C++|C#|Java|JavaScript|Python3|Golang|Rust,C|C++|C#|Java|JavaScript|Python3|Golang|Rust,Golang|Rust,,
659,6,8,8,0,1,C|C++|Java|JavaScript|Python3|Golang,C|C++|C#|Java|JavaScript|Python3|Golang|Rust,C|C++|C#|Java|JavaScript|Python3|Golang|Rust,C#|Rust,,
664,5,8,8,0,1,C|C++|C#|Java|JavaScript,C|C++|C#|Java|JavaScript|Python3|Golang|Rust,C|C++|C#|Java|JavaScript|Python3|Golang|Rust,Python3|Golang|Rust,,
665,3,8,8,0,1,C|Java|JavaScript,C|C++|C#|Java|JavaScript|Python3|Golang|Rust,C|C++|C#|Java|JavaScript|Python3|Golang|Rust,C++|C#|Python3|Golang|Rust,,
667,6,8,8,0,1,C|C++|C#|Java|JavaScript|Python3,C|C++|C#|Java|JavaScript|Python3|Golang|Rust,C|C++|C#|Java|JavaScript|Python3|Golang|Rust,Golang|Rust,,
670,6,8,8,0,1,C|C++|C#|Java|JavaScript|Python3,C|C++|C#|Java|JavaScript|Python3|Golang|Rust,C|C++|C#|Java|JavaScript|Python3|Golang|Rust,Golang|Rust,,
672,6,8,8,0,1,C|C++|C#|Java|JavaScript|Python3,C|C++|C#|Java|JavaScript|Python3|Golang|Rust,C|C++|C#|Java|JavaScript|Python3|Golang|Rust,Golang|Rust,,
673,5,8,8,0,1,C++|C#|Java|JavaScript|Python3,C|C++|C#|Java|JavaScript|Python3|Golang|Rust,C|C++|C#|Java|JavaScript|Python3|Golang|Rust,C|Golang|Rust,,
674,5,8,8,0,1,C|C++|Java|JavaScript|Python3,C|C++|C#|Java|JavaScript|Python3|Golang|Rust,C|C++|C#|Java|JavaScript|Python3|Golang|Rust,C#|Golang|Rust,,
676,6,8,8,0,1,C|C++|C#|Java|JavaScript|Python3,C|C++|C#|Java|JavaScript|Python3|Golang|Rust,C|C++|C#|Java|JavaScript|Python3|Golang|Rust,Golang|Rust,,
677,5,8,8,0,1,C++|C#|Java|JavaScript|Python3,C|C++|C#|Java|JavaScript|Python3|Golang|Rust,C|C++|C#|Java|JavaScript|Python3|Golang|Rust,C|Golang|Rust,,
678,4,8,8,0,1,C++|C#|Java|JavaScript,C|C++|C#|Java|JavaScript|Python3|Golang|Rust,C|C++|C#|Java|JavaScript|Python3|Golang|Rust,C|Python3|Golang|Rust,,
679,4,8,8,0,1,C|C++|Java|Python3,C|C++|C#|Java|JavaScript|Python3|Golang|Rust,C|C++|C#|Java|JavaScript|Python3|Golang|Rust,C#|JavaScript|Golang|Rust,,
680,6,8,8,0,1,C|C++|C#|Java|JavaScript|Rust,C|C++|C#|Java|JavaScript|Python3|Golang|Rust,C|C++|C#|Java|JavaScript|Python3|Golang|Rust,Python3|Golang,,
682,6,8,8,0,1,C|C++|C#|Java|JavaScript|Python3,C|C++|C#|Java|JavaScript|Python3|Golang|Rust,C|C++|C#|Java|JavaScript|Python3|Golang|Rust,Golang|Rust,,
686,7,8,8,0,1,C|C++|C#|Java|JavaScript|Python3|Golang,C|C++|C#|Java|JavaScript|Python3|Golang|Rust,C|C++|C#|Java|JavaScript|Python3|Golang|Rust,Rust,,
689,5,8,8,0,1,C++|C#|Java|JavaScript|Python3,C|C++|C#|Java|JavaScript|Python3|Golang|Rust,C|C++|C#|Java|JavaScript|Python3|Golang|Rust,C|Golang|Rust,,
691,6,8,8,0,1,C|C++|C#|Java|JavaScript|Python3,C|C++|C#|Java|JavaScript|Python3|Golang|Rust,C|C++|C#|Java|JavaScript|Python3|Golang|Rust,Golang|Rust,,
692,5,8,8,0,1,C|C++|C#|Java|JavaScript,C|C++|C#|Java|JavaScript|Python3|Golang|Rust,C|C++|C#|Java|JavaScript|Python3|Golang|Rust,Python3|Golang|Rust,,
693,6,8,8,0,1,C|C++|C#|Java|JavaScript|Python3,C|C++|C#|Java|JavaScript|Python3|Golang|Rust,C|C++|C#|Java|JavaScript|Python3|Golang|Rust,Golang|Rust,,
696,3,8,8,0,1,C|Java|JavaScript,C|C++|C#|Java|JavaScript|Python3|Golang|Rust,C|C++|C#|Java|JavaScript|Python3|Golang|Rust,C++|C#|Python3|Golang|Rust,,
697,5,8,8,0,1,C|C++|Java|JavaScript|Python3,C|C++|C#|Java|JavaScript|Python3|Golang|Rust,C|C++|C#|Java|JavaScript|Python3|Golang|Rust,C#|Golang|Rust,,
698,6,8,8,0,1,C|C++|C#|Java|JavaScript|Python3,C|C++|C#|Java|JavaScript|Python3|Golang|Rust,C|C++|C#|Java|JavaScript|Python3|Golang|Rust,Golang|Rust,,
703,4,8,8,0,1,C|C++|Java|JavaScript,C|C++|C#|Java|JavaScript|Python3|Golang|Rust,C|C++|C#|Java|JavaScript|Python3|Golang|Rust,C#|Python3|Golang|Rust,,
704,5,8,8,0,1,C++|C#|Java|JavaScript|Python3,C|C++|C#|Java|JavaScript|Python3|Golang|Rust,C|C++|C#|Java|JavaScript|Python3|Golang|Rust,C|Golang|Rust,,
705,4,8,8,0,1,C|C++|Java|JavaScript,C|C++|C#|Java|JavaScript|Python3|Golang|Rust,C|C++|C#|Java|JavaScript|Python3|Golang|Rust,C#|Python3|Golang|Rust,,
706,4,8,8,0,1,C|C++|Java|JavaScript,C|C++|C#|Java|JavaScript|Python3|Golang|Rust,C|C++|C#|Java|JavaScript|Python3|Golang|Rust,C#|Python3|Golang|Rust,,
707,6,8,8,0,1,C|C++|C#|Java|JavaScript|Python3,C|C++|C#|Java|JavaScript|Python3|Golang|Rust,C|C++|C#|Java|JavaScript|Python3|Golang|Rust,Golang|Rust,,
709,6,8,8,0,1,C|C++|C#|Java|JavaScript|Python3,C|C++|C#|Java|JavaScript|Python3|Golang|Rust,C|C++|C#|Java|JavaScript|Python3|Golang|Rust,Golang|Rust,,
710,6,8,8,0,1,C|C++|C#|Java|JavaScript|Python3,C|C++|C#|Java|JavaScript|Python3|Golang|Rust,C|C++|C#|Java|JavaScript|Python3|Golang|Rust,Golang|Rust,,
712,5,8,8,0,1,C++|C#|Java|JavaScript|Python3,C|C++|C#|Java|JavaScript|Python3|Golang|Rust,C|C++|C#|Java|JavaScript|Python3|Golang|Rust,C|Golang|Rust,,
713,6,8,8,0,1,C|C++|C#|Java|JavaScript|Python3,C|C++|C#|Java|JavaScript|Python3|Golang|Rust,C|C++|C#|Java|JavaScript|Python3|Golang|Rust,Golang|Rust,,
714,6,8,8,0,1,C|C++|Java|JavaScript|Python3|Golang,C|C++|C#|Java|JavaScript|Python3|Golang|Rust,C|C++|C#|Java|JavaScript|Python3|Golang|Rust,C#|Rust,,
715,3,8,8,0,1,C++|Java|Python3,C|C++|C#|Java|JavaScript|Python3|Golang|Rust,C|C++|C#|Java|JavaScript|Python3|Golang|Rust,C|C#|JavaScript|Golang|Rust,,
717,6,8,8,0,1,C|C++|C#|Java|JavaScript|Python3,C|C++|C#|Java|JavaScript|Python3|Golang|Rust,C|C++|C#|Java|JavaScript|Python3|Golang|Rust,Golang|Rust,,
718,4,8,8,0,1,C|C++|Java|Python3,C|C++|C#|Java|JavaScript|Python3|Golang|Rust,C|C++|C#|Java|JavaScript|Python3|Golang|Rust,C#|JavaScript|Golang|Rust,,
719,6,8,8,0,1,C|C++|C#|Java|JavaScript|Python3,C|C++|C#|Java|JavaScript|Python3|Golang|Rust,C|C++|C#|Java|JavaScript|Python3|Golang|Rust,Golang|Rust,,
720,6,8,8,0,1,C|C++|C#|Java|JavaScript|Python3,C|C++|C#|Java|JavaScript|Python3|Golang|Rust,C|C++|C#|Java|JavaScript|Python3|Golang|Rust,Golang|Rust,,
721,4,8,8,0,1,C++|Java|JavaScript|Python3,C|C++|C#|Java|JavaScript|Python3|Golang|Rust,C|C++|C#|Java|JavaScript|Python3|Golang|Rust,C|C#|Golang|Rust,,
722,7,8,8,0,1,C|C++|C#|Java|JavaScript|Python3|Golang,C|C++|C#|Java|JavaScript|Python3|Golang|Rust,C|C++|C#|Java|JavaScript|Python3|Golang|Rust,Rust,,
724,6,8,8,0,1,C|C++|C#|Java|JavaScript|Golang,C|C++|C#|Java|JavaScript|Python3|Golang|Rust,C|C++|C#|Java|JavaScript|Python3|Golang|Rust,Python3|Rust,,
726,4,8,8,0,1,C++|C#|Java|JavaScript,C|C++|C#|Java|JavaScript|Python3|Golang|Rust,C|C++|C#|Java|JavaScript|Python3|Golang|Rust,C|Python3|Golang|Rust,,
728,6,8,8,0,1,C|C++|C#|Java|JavaScript|Python3,C|C++|C#|Java|JavaScript|Python3|Golang|Rust,C|C++|C#|Java|JavaScript|Python3|Golang|Rust,Golang|Rust,,
729,6,8,8,0,1,C|C++|C#|Java|JavaScript|Python3,C|C++|C#|Java|JavaScript|Python3|Golang|Rust,C|C++|C#|Java|JavaScript|Python3|Golang|Rust,Golang|Rust,,
730,6,8,8,0,1,C|C++|C#|Java|JavaScript|Python3,C|C++|C#|Java|JavaScript|Python3|Golang|Rust,C|C++|C#|Java|JavaScript|Python3|Golang|Rust,Golang|Rust,,
731,6,8,8,0,1,C|C++|C#|Java|JavaScript|Python3,C|C++|C#|Java|JavaScript|Python3|Golang|Rust,C|C++|C#|Java|JavaScript|Python3|Golang|Rust,Golang|Rust,,
732,6,8,8,0,1,C|C++|C#|Java|JavaScript|Python3,C|C++|C#|Java|JavaScript|Python3|Golang|Rust,C|C++|C#|Java|JavaScript|Python3|Golang|Rust,Golang|Rust,,
735,6,8,8,0,1,C|C++|C#|Java|JavaScript|Python3,C|C++|C#|Java|JavaScript|Python3|Golang|Rust,C|C++|C#|Java|JavaScript|Python3|Golang|Rust,Golang|Rust,,
736,6,8,8,0,1,C|C++|C#|Java|JavaScript|Python3,C|C++|C#|Java|JavaScript|Python3|Golang|Rust,C|C++|C#|Java|JavaScript|Python3|Golang|Rust,Golang|Rust,,
738,5,8,8,0,1,C|C++|Java|JavaScript|Golang,C|C++|C#|Java|JavaScript|Python3|Golang|Rust,C|C++|C#|Java|JavaScript|Python3|Golang|Rust,C#|Python3|Rust,,
739,3,8,8,0,1,C++|Java|Python3,C|C++|C#|Java|JavaScript|Python3|Golang|Rust,C|C++|C#|Java|JavaScript|Python3|Golang|Rust,C|C#|JavaScript|Golang|Rust,,
740,6,8,8,0,1,C|C++|C#|Java|JavaScript|Python3,C|C++|C#|Java|JavaScript|Python3|Golang|Rust,C|C++|C#|Java|JavaScript|Python3|Golang|Rust,Golang|Rust,,
744,6,8,8,0,1,C|C++|C#|Java|JavaScript|Python3,C|C++|C#|Java|JavaScript|Python3|Golang|Rust,C|C++|C#|Java|JavaScript|Python3|Golang|Rust,Golang|Rust,,
745,6,8,8,0,1,C|C++|C#|Java|JavaScript|Python3,C|C++|C#|Java|JavaScript|Python3|Golang|Rust,C|C++|C#|Java|JavaScript|Python3|Golang|Rust,Golang|Rust,,
746,7,8,8,0,1,C|C++|C#|Java|JavaScript|Python3|Golang,C|C++|C#|Java|JavaScript|Python3|Golang|Rust,C|C++|C#|Java|JavaScript|Python3|Golang|Rust,Rust,,
747,6,8,8,0,1,C|C++|C#|Java|JavaScript|Python3,C|C++|C#|Java|JavaScript|Python3|Golang|Rust,C|C++|C#|Java|JavaScript|Python3|Golang|Rust,Golang|Rust,,
748,6,8,8,0,1,C|C++|C#|Java|JavaScript|Python3,C|C++|C#|Java|JavaScript|Python3|Golang|Rust,C|C++|C#|Java|JavaScript|Python3|Golang|Rust,Golang|Rust,,
752,6,8,8,0,1,C|C++|C#|Java|JavaScript|Python3,C|C++|C#|Java|JavaScript|Python3|Golang|Rust,C|C++|C#|Java|JavaScript|Python3|Golang|Rust,Golang|Rust,,
753,6,8,8,0,1,C|C++|C#|Java|JavaScript|Python3,C|C++|C#|Java|JavaScript|Python3|Golang|Rust,C|C++|C#|Java|JavaScript|Python3|Golang|Rust,Golang|Rust,,
754,6,8,8,0,1,C|C++|C#|Java|JavaScript|Python3,C|C++|C#|Java|JavaScript|Python3|Golang|Rust,C|C++|C#|Java|JavaScript|Python3|Golang|Rust,Golang|Rust,,
757,6,8,8,0,1,C|C++|C#|Java|JavaScript|Python3,C|C++|C#|Java|JavaScript|Python3|Golang|Rust,C|C++|C#|Java|JavaScript|Python3|Golang|Rust,Golang|Rust,,
761,6,8,8,0,1,C|C++|C#|Java|JavaScript|Python3,C|C++|C#|Java|JavaScript|Python3|Golang|Rust,C|C++|C#|Java|JavaScript|Python3|Golang|Rust,Golang|Rust,,
762,6,8,8,0,1,C|C++|C#|Java|JavaScript|Python3,C|C++|C#|Java|JavaScript|Python3|Golang|Rust,C|C++|C#|Java|JavaScript|Python3|Golang|Rust,Golang|Rust,,
763,6,8,8,0,1,C|C++|Java|JavaScript|Python3|Golang,C|C++|C#|Java|JavaScript|Python3|Golang|Rust,C|C++|C#|Java|JavaScript|Python3|Golang|Rust,C#|Rust,,
765,4,8,8,0,1,C|C++|Java|JavaScript,C|C++|C#|Java|JavaScript|Python3|Golang|Rust,C|C++|C#|Java|JavaScript|Python3|Golang|Rust,C#|Python3|Golang|Rust,,
767,7,8,8,0,1,C|C++|C#|Java|JavaScript|Python3|Golang,C|C++|C#|Java|JavaScript|Python3|Golang|Rust,C|C++|C#|Java|JavaScript|Python3|Golang|Rust,Rust,,
768,6,8,8,0,1,C|C++|C#|Java|JavaScript|Python3,C|C++|C#|Java|JavaScript|Python3|Golang|Rust,C|C++|C#|Java|JavaScript|Python3|Golang|Rust,Golang|Rust,,
769,6,8,8,0,1,C|C++|C#|Java|JavaScript|Python3,C|C++|C#|Java|JavaScript|Python3|Golang|Rust,C|C++|C#|Java|JavaScript|Python3|Golang|Rust,Golang|Rust,,
771,6,8,8,0,1,C|C++|Java|JavaScript|Python3|Golang,C|C++|C#|Java|JavaScript|Python3|Golang|Rust,C|C++|C#|Java|JavaScript|Python3|Golang|Rust,C#|Rust,,
775,6,8,8,0,1,C|C++|C#|Java|JavaScript|Python3,C|C++|C#|Java|JavaScript|Python3|Golang|Rust,C|C++|C#|Java|JavaScript|Python3|Golang|Rust,Golang|Rust,,
777,6,8,8,0,1,C|C++|C#|Java|JavaScript|Python3,C|C++|C#|Java|JavaScript|Python3|Golang|Rust,C|C++|C#|Java|JavaScript|Python3|Golang|Rust,Golang|Rust,,
779,6,8,8,0,1,C|C++|C#|Java|JavaScript|Python3,C|C++|C#|Java|JavaScript|Python3|Golang|Rust,C|C++|C#|Java|JavaScript|Python3|Golang|Rust,Golang|Rust,,
780,6,8,8,0,1,C|C++|C#|Java|JavaScript|Python3,C|C++|C#|Java|JavaScript|Python3|Golang|Rust,C|C++|C#|Java|JavaScript|Python3|Golang|Rust,Golang|Rust,,
781,8,8,8,1,1,C|C++|C#|Java|JavaScript|Python3|Golang|Rust,C|C++|C#|Java|JavaScript|Python3|Golang|Rust,C|C++|C#|Java|JavaScript|Python3|Golang|Rust,,,
784,6,8,8,0,1,C|C++|C#|Java|JavaScript|Python3,C|C++|C#|Java|JavaScript|Python3|Golang|Rust,C|C++|C#|Java|JavaScript|Python3|Golang|Rust,Golang|Rust,,
786,5,8,8,0,1,C++|C#|Java|JavaScript|Python3,C|C++|C#|Java|JavaScript|Python3|Golang|Rust,C|C++|C#|Java|JavaScript|Python3|Golang|Rust,C|Golang|Rust,,
788,6,8,8,0,1,C|C++|C#|Java|JavaScript|Python3,C|C++|C#|Java|JavaScript|Python3|Golang|Rust,C|C++|C#|Java|JavaScript|Python3|Golang|Rust,Golang|Rust,,
789,6,8,8,0,1,C|C++|C#|Java|JavaScript|Python3,C|C++|C#|Java|JavaScript|Python3|Golang|Rust,C|C++|C#|Java|JavaScript|Python3|Golang|Rust,Golang|Rust,,
791,6,8,8,0,1,C|C++|C#|Java|JavaScript|Python3,C|C++|C#|Java|JavaScript|Python3|Golang|Rust,C|C++|C#|Java|JavaScript|Python3|Golang|Rust,Golang|Rust,,
792,6,8,8,0,1,C|C++|C#|Java|JavaScript|Python3,C|C++|C#|Java|JavaScript|Python3|Golang|Rust,C|C++|C#|Java|JavaScript|Python3|Golang|Rust,Golang|Rust,,
793,6,8,8,0,1,C|C++|C#|Java|JavaScript|Python3,C|C++|C#|Java|JavaScript|Python3|Golang|Rust,C|C++|C#|Java|JavaScript|Python3|Golang|Rust,Golang|Rust,,
795,6,8,8,0,1,C|C++|C#|Java|JavaScript|Python3,C|C++|C#|Java|JavaScript|Python3|Golang|Rust,C|C++|C#|Java|JavaScript|Python3|Golang|Rust,Golang|Rust,,
796,6,8,8,0,1,C|C++|C#|Java|JavaScript|Python3,C|C++|C#|Java|JavaScript|Python3|Golang|Rust,C|C++|C#|Java|JavaScript|Python3|Golang|Rust,Golang|Rust,,
798,6,8,8,0,1,C|C++|C#|Java|JavaScript|Python3,C|C++|C#|Java|JavaScript|Python3|Golang|Rust,C|C++|C#|Java|JavaScript|Python3|Golang|Rust,Golang|Rust,,
801,6,8,8,0,1,C|C++|C#|Java|JavaScript|Python3,C|C++|C#|Java|JavaScript|Python3|Golang|Rust,C|C++|C#|Java|JavaScript|Python3|Golang|Rust,Golang|Rust,,
803,4,8,8,0,1,C|C++|Java|JavaScript,C|C++|C#|Java|JavaScript|Python3|Golang|Rust,C|C++|C#|Java|JavaScript|Python3|Golang|Rust,C#|Python3|Golang|Rust,,
804,6,8,8,0,1,C|C++|C#|Java|JavaScript|Python3,C|C++|C#|Java|JavaScript|Python3|Golang|Rust,C|C++|C#|Java|JavaScript|Python3|Golang|Rust,Golang|Rust,,
805,6,8,8,0,1,C|C++|C#|Java|JavaScript|Python3,C|C++|C#|Java|JavaScript|Python3|Golang|Rust,C|C++|C#|Java|JavaScript|Python3|Golang|Rust,Golang|Rust,,
806,6,8,8,0,1,C|C++|C#|Java|JavaScript|Python3,C|C++|C#|Java|JavaScript|Python3|Golang|Rust,C|C++|C#|Java|JavaScript|Python3|Golang|Rust,Golang|Rust,,
808,6,8,8,0,1,C|C++|C#|Java|JavaScript|Python3,C|C++|C#|Java|JavaScript|Python3|Golang|Rust,C|C++|C#|Java|JavaScript|Python3|Golang|Rust,Golang|Rust,,
809,6,8,8,0,1,C|C++|C#|Java|JavaScript|Python3,C|C++|C#|Java|JavaScript|Python3|Golang|Rust,C|C++|C#|Java|JavaScript|Python3|Golang|Rust,Golang|Rust,,
810,6,8,8,0,1,C|C++|C#|Java|JavaScript|Python3,C|C++|C#|Java|JavaScript|Python3|Golang|Rust,C|C++|C#|Java|JavaScript|Python3|Golang|Rust,Golang|Rust,,
811,6,8,8,0,1,C|C++|C#|Java|JavaScript|Python3,C|C++|C#|Java|JavaScript|Python3|Golang|Rust,C|C++|C#|Java|JavaScript|Python3|Golang|Rust,Golang|Rust,,
813,6,8,8,0,1,C|C++|C#|Java|JavaScript|Python3,C|C++|C#|Java|JavaScript|Python3|Golang|Rust,C|C++|C#|Java|JavaScript|Python3|Golang|Rust,Golang|Rust,,
815,6,8,8,0,1,C|C++|C#|Java|JavaScript|Rust,C|C++|C#|Java|JavaScript|Python3|Golang|Rust,C|C++|C#|Java|JavaScript|Python3|Golang|Rust,Python3|Golang,,
816,6,8,8,0,1,C|C++|C#|Java|JavaScript|Python3,C|C++|C#|Java|JavaScript|Python3|Golang|Rust,C|C++|C#|Java|JavaScript|Python3|Golang|Rust,Golang|Rust,,
819,6,8,8,0,1,C|C++|C#|Java|JavaScript|Python3,C|C++|C#|Java|JavaScript|Python3|Golang|Rust,C|C++|C#|Java|JavaScript|Python3|Golang|Rust,Golang|Rust,,
820,3,8,8,0,1,C++|Java|Python3,C|C++|C#|Java|JavaScript|Python3|Golang|Rust,C|C++|C#|Java|JavaScript|Python3|Golang|Rust,C|C#|JavaScript|Golang|Rust,,
821,6,8,8,0,1,C|C++|C#|Java|JavaScript|Python3,C|C++|C#|Java|JavaScript|Python3|Golang|Rust,C|C++|C#|Java|JavaScript|Python3|Golang|Rust,Golang|Rust,,
822,7,8,8,0,1,C|C++|C#|Java|JavaScript|Python3|Golang,C|C++|C#|Java|JavaScript|Python3|Golang|Rust,C|C++|C#|Java|JavaScript|Python3|Golang|Rust,Rust,,
823,7,8,8,0,1,C|C++|C#|Java|JavaScript|Python3|Golang,C|C++|C#|Java|JavaScript|Python3|Golang|Rust,C|C++|C#|Java|JavaScript|Python3|Golang|Rust,Rust,,
824,6,8,8,0,1,C|C++|C#|Java|JavaScript|Python3,C|C++|C#|Java|JavaScript|Python3|Golang|Rust,C|C++|C#|Java|JavaScript|Python3|Golang|Rust,Golang|Rust,,
825,6,8,8,0,1,C|C++|C#|Java|JavaScript|Python3,C|C++|C#|Java|JavaScript|Python3|Golang|Rust,C|C++|C#|Java|JavaScript|Python3|Golang|Rust,Golang|Rust,,
826,8,8,8,1,1,C|C++|C#|Java|JavaScript|Python3|Golang|Rust,C|C++|C#|Java|JavaScript|Python3|Golang|Rust,C|C++|C#|Java|JavaScript|Python3|Golang|Rust,,,
827,6,8,8,0,1,C|C++|C#|Java|JavaScript|Python3,C|C++|C#|Java|JavaScript|Python3|Golang|Rust,C|C++|C#|Java|JavaScript|Python3|Golang|Rust,Golang|Rust,,
828,6,8,8,0,1,C|C++|C#|Java|JavaScript|Python3,C|C++|C#|Java|JavaScript|Python3|Golang|Rust,C|C++|C#|Java|JavaScript|Python3|Golang|Rust,Golang|Rust,,
829,6,8,8,0,1,C|C++|C#|Java|JavaScript|Python3,C|C++|C#|Java|JavaScript|Python3|Golang|Rust,C|C++|C#|Java|JavaScript|Python3|Golang|Rust,Golang|Rust,,
830,5,8,8,0,1,C|C++|Java|JavaScript|Python3,C|C++|C#|Java|JavaScript|Python3|Golang|Rust,C|C++|C#|Java|JavaScript|Python3|Golang|Rust,C#|Golang|Rust,,
831,7,8,8,0,1,C|C++|C#|Java|JavaScript|Python3|Golang,C|C++|C#|Java|JavaScript|Python3|Golang|Rust,C|C++|C#|Java|JavaScript|Python3|Golang|Rust,Rust,,
832,5,8,8,0,1,C|C++|Java|JavaScript|Python3,C|C++|C#|Java|JavaScript|Python3|Golang|Rust,C|C++|C#|Java|JavaScript|Python3|Golang|Rust,C#|Golang|Rust,,
836,3,8,8,0,1,C++|Java|Python3,C|C++|C#|Java|JavaScript|Python3|Golang|Rust,C|C++|C#|Java|JavaScript|Python3|Golang|Rust,C|C#|JavaScript|Golang|Rust,,
837,4,8,8,0,1,C++|C#|Java|Python3,C|C++|C#|Java|JavaScript|Python3|Golang|Rust,C|C++|C#|Java|JavaScript|Python3|Golang|Rust,C|JavaScript|Golang|Rust,,
839,5,8,8,0,1,C|C++|Java|JavaScript|Python3,C|C++|C#|Java|JavaScript|Python3|Golang|Rust,C|C++|C#|Java|JavaScript|Python3|Golang|Rust,C#|Golang|Rust,,
841,4,8,8,0,1,C|C++|Java|Python3,C|C++|C#|Java|JavaScript|Python3|Golang|Rust,C|C++|C#|Java|JavaScript|Python3|Golang|Rust,C#|JavaScript|Golang|Rust,,
842,6,8,8,0,1,C|C++|Java|JavaScript|Python3|Golang,C|C++|C#|Java|JavaScript|Python3|Golang|Rust,C|C++|C#|Java|JavaScript|Python3|Golang|Rust,C#|Rust,,
844,5,8,8,0,1,C|C++|Java|Python3|Golang,C|C++|C#|Java|JavaScript|Python3|Golang|Rust,C|C++|C#|Java|JavaScript|Python3|Golang|Rust,C#|JavaScript|Rust,,
845,5,8,8,0,1,C|C++|Java|Python3|Golang,C|C++|C#|Java|JavaScript|Python3|Golang|Rust,C|C++|C#|Java|JavaScript|Python3|Golang|Rust,C#|JavaScript|Rust,,
846,6,8,8,0,1,C|C++|C#|Java|JavaScript|Python3,C|C++|C#|Java|JavaScript|Python3|Golang|Rust,C|C++|C#|Java|JavaScript|Python3|Golang|Rust,Golang|Rust,,
851,6,8,8,0,1,C|C++|C#|Java|JavaScript|Python3,C|C++|C#|Java|JavaScript|Python3|Golang|Rust,C|C++|C#|Java|JavaScript|Python3|Golang|Rust,Golang|Rust,,
852,6,8,8,0,1,C|C++|C#|Java|JavaScript|Python3,C|C++|C#|Java|JavaScript|Python3|Golang|Rust,C|C++|C#|Java|JavaScript|Python3|Golang|Rust,Golang|Rust,,
854,6,8,8,0,1,C|C++|C#|Java|JavaScript|Python3,C|C++|C#|Java|JavaScript|Python3|Golang|Rust,C|C++|C#|Java|JavaScript|Python3|Golang|Rust,Golang|Rust,,
855,5,8,8,0,1,C++|C#|Java|Python3|Rust,C|C++|C#|Java|JavaScript|Python3|Golang|Rust,C|C++|C#|Java|JavaScript|Python3|Golang|Rust,C|JavaScript|Golang,,
856,6,8,8,0,1,C|C++|C#|Java|JavaScript|Python3,C|C++|C#|Java|JavaScript|Python3|Golang|Rust,C|C++|C#|Java|JavaScript|Python3|Golang|Rust,Golang|Rust,,
857,5,8,8,0,1,C++|C#|Java|JavaScript|Python3,C|C++|C#|Java|JavaScript|Python3|Golang|Rust,C|C++|C#|Java|JavaScript|Python3|Golang|Rust,C|Golang|Rust,,
859,5,8,8,0,1,C++|C#|Java|JavaScript|Python3,C|C++|C#|Java|JavaScript|Python3|Golang|Rust,C|C++|C#|Java|JavaScript|Python3|Golang|Rust,C|Golang|Rust,,
860,5,8,8,0,1,C|C++|Java|JavaScript|Golang,C|C++|C#|Java|JavaScript|Python3|Golang|Rust,C|C++|C#|Java|JavaScript|Python3|Golang|Rust,C#|Python3|Rust,,
862,5,8,8,0,1,C|C++|Java|JavaScript|Python3,C|C++|C#|Java|JavaScript|Python3|Golang|Rust,C|C++|C#|Java|JavaScript|Python3|Golang|Rust,C#|Golang|Rust,,
868,6,8,8,0,1,C|C++|C#|Java|JavaScript|Python3,C|C++|C#|Java|JavaScript|Python3|Golang|Rust,C|C++|C#|Java|JavaScript|Python3|Golang|Rust,Golang|Rust,,
869,5,8,8,0,1,C++|C#|Java|JavaScript|Python3,C|C++|C#|Java|JavaScript|Python3|Golang|Rust,C|C++|C#|Java|JavaScript|Python3|Golang|Rust,C|Golang|Rust,,
870,6,8,8,0,1,C|C++|C#|Java|JavaScript|Python3,C|C++|C#|Java|JavaScript|Python3|Golang|Rust,C|C++|C#|Java|JavaScript|Python3|Golang|Rust,Golang|Rust,,
871,8,8,8,1,1,C|C++|C#|Java|JavaScript|Python3|Golang|Rust,C|C++|C#|Java|JavaScript|Python3|Golang|Rust,C|C++|C#|Java|JavaScript|Python3|Golang|Rust,,,
873,6,8,8,0,1,C|C++|C#|Java|JavaScript|Python3,C|C++|C#|Java|JavaScript|Python3|Golang|Rust,C|C++|C#|Java|JavaScript|Python3|Golang|Rust,Golang|Rust,,
874,7,8,8,0,1,C|C++|C#|Java|JavaScript|Python3|Golang,C|C++|C#|Java|JavaScript|Python3|Golang|Rust,C|C++|C#|Java|JavaScript|Python3|Golang|Rust,Rust,,
875,6,8,8,0,1,C|C++|C#|Java|JavaScript|Python3,C|C++|C#|Java|JavaScript|Python3|Golang|Rust,C|C++|C#|Java|JavaScript|Python3|Golang|Rust,Golang|Rust,,
877,6,8,8,0,1,C|C++|C#|Java|JavaScript|Python3,C|C++|C#|Java|JavaScript|Python3|Golang|Rust,C|C++|C#|Java|JavaScript|Python3|Golang|Rust,Golang|Rust,,
878,6,8,8,0,1,C|C++|C#|Java|JavaScript|Python3,C|C++|C#|Java|JavaScript|Python3|Golang|Rust,C|C++|C#|Java|JavaScript|Python3|Golang|Rust,Golang|Rust,,
879,6,8,8,0,1,C|C++|C#|Java|JavaScript|Python3,C|C++|C#|Java|JavaScript|Python3|Golang|Rust,C|C++|C#|Java|JavaScript|Python3|Golang|Rust,Golang|Rust,,
881,6,8,8,0,1,C|C++|C#|Java|JavaScript|Python3,C|C++|C#|Java|JavaScript|Python3|Golang|Rust,C|C++|C#|Java|JavaScript|Python3|Golang|Rust,Golang|Rust,,
884,7,8,8,0,1,C|C++|C#|Java|JavaScript|Python3|Golang,C|C++|C#|Java|JavaScript|Python3|Golang|Rust,C|C++|C#|Java|JavaScript|Python3|Golang|Rust,Rust,,
886,6,8,8,0,1,C|C++|C#|Java|JavaScript|Python3,C|C++|C#|Java|JavaScript|Python3|Golang|Rust,C|C++|C#|Java|JavaScript|Python3|Golang|Rust,Golang|Rust,,
887,3,8,8,0,1,C++|Java|Python3,C|C++|C#|Java|JavaScript|Python3|Golang|Rust,C|C++|C#|Java|JavaScript|Python3|Golang|Rust,C|C#|JavaScript|Golang|Rust,,
888,5,8,8,0,1,C|C++|Java|JavaScript|Python3,C|C++|C#|Java|JavaScript|Python3|Golang|Rust,C|C++|C#|Java|JavaScript|Python3|Golang|Rust,C#|Golang|Rust,,
890,6,8,8,0,1,C|C++|C#|Java|JavaScript|Python3,C|C++|C#|Java|JavaScript|Python3|Golang|Rust,C|C++|C#|Java|JavaScript|Python3|Golang|Rust,Golang|Rust,,
891,6,8,8,0,1,C|C++|C#|Java|JavaScript|Python3,C|C++|C#|Java|JavaScript|Python3|Golang|Rust,C|C++|C#|Java|JavaScript|Python3|Golang|Rust,Golang|Rust,,
895,6,8,8,0,1,C|C++|C#|Java|JavaScript|Python3,C|C++|C#|Java|JavaScript|Python3|Golang|Rust,C|C++|C#|Java|JavaScript|Python3|Golang|Rust,Golang|Rust,,
896,4,8,8,0,1,C|C++|Java|JavaScript,C|C++|C#|Java|JavaScript|Python3|Golang|Rust,C|C++|C#|Java|JavaScript|Python3|Golang|Rust,C#|Python3|Golang|Rust,,
899,6,8,8,0,1,C|C++|C#|Java|JavaScript|Python3,C|C++|C#|Java|JavaScript|Python3|Golang|Rust,C|C++|C#|Java|JavaScript|Python3|Golang|Rust,Golang|Rust,,
901,6,8,8,0,1,C|C++|C#|Java|JavaScript|Python3,C|C++|C#|Java|JavaScript|Python3|Golang|Rust,C|C++|C#|Java|JavaScript|Python3|Golang|Rust,Golang|Rust,,
902,6,8,8,0,1,C|C++|C#|Java|JavaScript|Python3,C|C++|C#|Java|JavaScript|Python3|Golang|Rust,C|C++|C#|Java|JavaScript|Python3|Golang|Rust,Golang|Rust,,
904,6,8,8,0,1,C|C++|C#|Java|JavaScript|Python3,C|C++|C#|Java|JavaScript|Python3|Golang|Rust,C|C++|C#|Java|JavaScript|Python3|Golang|Rust,Golang|Rust,,
905,6,8,8,0,1,C|C++|C#|Java|JavaScript|Python3,C|C++|C#|Java|JavaScript|Python3|Golang|Rust,C|C++|C#|Java|JavaScript|Python3|Golang|Rust,Golang|Rust,,
907,6,8,8,0,1,C|C++|C#|Java|JavaScript|Python3,C|C++|C#|Java|JavaScript|Python3|Golang|Rust,C|C++|C#|Java|JavaScript|Python3|Golang|Rust,Golang|Rust,,
908,6,8,8,0,1,C|C++|C#|Java|JavaScript|Python3,C|C++|C#|Java|JavaScript|Python3|Golang|Rust,C|C++|C#|Java|JavaScript|Python3|Golang|Rust,Golang|Rust,,
910,8,8,8,1,1,C|C++|C#|Java|JavaScript|Python3|Golang|Rust,C|C++|C#|Java|JavaScript|Python3|Golang|Rust,C|C++|C#|Java|JavaScript|Python3|Golang|Rust,,,
911,6,8,8,0,1,C|C++|C#|Java|JavaScript|Python3,C|C++|C#|Java|JavaScript|Python3|Golang|Rust,C|C++|C#|Java|JavaScript|Python3|Golang|Rust,Golang|Rust,,
912,3,8,8,0,1,C++|Java|Python3,C|C++|C#|Java|JavaScript|Python3|Golang|Rust,C|C++|C#|Java|JavaScript|Python3|Golang|Rust,C|C#|JavaScript|Golang|Rust,,
914,3,8,8,0,1,C++|Java|Python3,C|C++|C#|Java|JavaScript|Python3|Golang|Rust,C|C++|C#|Java|JavaScript|Python3|Golang|Rust,C|C#|JavaScript|Golang|Rust,,
917,6,8,8,0,1,C|C++|C#|Java|JavaScript|Python3,C|C++|C#|Java|JavaScript|Python3|Golang|Rust,C|C++|C#|Java|JavaScript|Python3|Golang|Rust,Golang|Rust,,
918,7,8,8,0,1,C|C++|C#|Java|JavaScript|Python3|Golang,C|C++|C#|Java|JavaScript|Python3|Golang|Rust,C|C++|C#|Java|JavaScript|Python3|Golang|Rust,Rust,,
921,6,8,8,0,1,C|C++|C#|Java|JavaScript|Python3,C|C++|C#|Java|JavaScript|Python3|Golang|Rust,C|C++|C#|Java|JavaScript|Python3|Golang|Rust,Golang|Rust,,
922,8,8,8,1,1,C|C++|C#|Java|JavaScript|Python3|Golang|Rust,C|C++|C#|Java|JavaScript|Python3|Golang|Rust,C|C++|C#|Java|JavaScript|Python3|Golang|Rust,,,
924,8,8,8,1,1,C|C++|C#|Java|JavaScript|Python3|Golang|Rust,C|C++|C#|Java|JavaScript|Python3|Golang|Rust,C|C++|C#|Java|JavaScript|Python3|Golang|Rust,,,
925,5,8,8,0,1,C|C++|Java|JavaScript|Golang,C|C++|C#|Java|JavaScript|Python3|Golang|Rust,C|C++|C#|Java|JavaScript|Python3|Golang|Rust,C#|Python3|Rust,,
926,6,8,8,0,1,C|C++|C#|Java|JavaScript|Python3,C|C++|C#|Java|JavaScript|Python3|Golang|Rust,C|C++|C#|Java|JavaScript|Python3|Golang|Rust,Golang|Rust,,
927,6,8,8,0,1,C|C++|C#|Java|JavaScript|Python3,C|C++|C#|Java|JavaScript|Python3|Golang|Rust,C|C++|C#|Java|JavaScript|Python3|Golang|Rust,Golang|Rust,,
928,8,8,8,1,1,C|C++|C#|Java|JavaScript|Python3|Golang|Rust,C|C++|C#|Java|JavaScript|Python3|Golang|Rust,C|C++|C#|Java|JavaScript|Python3|Golang|Rust,,,
929,6,8,8,0,1,C|C++|C#|Java|JavaScript|Python3,C|C++|C#|Java|JavaScript|Python3|Golang|Rust,C|C++|C#|Java|JavaScript|Python3|Golang|Rust,Golang|Rust,,
930,5,8,8,0,1,C|C++|C#|Java|JavaScript,C|C++|C#|Java|JavaScript|Python3|Golang|Rust,C|C++|C#|Java|JavaScript|Python3|Golang|Rust,Python3|Golang|Rust,,
933,6,8,8,0,1,C|C++|C#|Java|JavaScript|Python3,C|C++|C#|Java|JavaScript|Python3|Golang|Rust,C|C++|C#|Java|JavaScript|Python3|Golang|Rust,Golang|Rust,,
934,6,8,8,0,1,C|C++|C#|Java|JavaScript|Python3,C|C++|C#|Java|JavaScript|Python3|Golang|Rust,C|C++|C#|Java|JavaScript|Python3|Golang|Rust,Golang|Rust,,
937,6,8,8,0,1,C|C++|C#|Java|JavaScript|Python3,C|C++|C#|Java|JavaScript|Python3|Golang|Rust,C|C++|C#|Java|JavaScript|Python3|Golang|Rust,Golang|Rust,,
940,6,8,8,0,1,C|C++|C#|Java|JavaScript|Python3,C|C++|C#|Java|JavaScript|Python3|Golang|Rust,C|C++|C#|Java|JavaScript|Python3|Golang|Rust,Golang|Rust,,
942,6,8,8,0,1,C|C++|C#|Java|JavaScript|Python3,C|C++|C#|Java|JavaScript|Python3|Golang|Rust,C|C++|C#|Java|JavaScript|Python3|Golang|Rust,Golang|Rust,,
944,6,8,8,0,1,C|C++|C#|Java|JavaScript|Python3,C|C++|C#|Java|JavaScript|Python3|Golang|Rust,C|C++|C#|Java|JavaScript|Python3|Golang|Rust,Golang|Rust,,
945,3,8,8,0,1,C++|Java|Python3,C|C++|C#|Java|JavaScript|Python3|Golang|Rust,C|C++|C#|Java|JavaScript|Python3|Golang|Rust,C|C#|JavaScript|Golang|Rust,,
946,6,8,8,0,1,C|C++|C#|Java|JavaScript|Python3,C|C++|C#|Java|JavaScript|Python3|Golang|Rust,C|C++|C#|Java|JavaScript|Python3|Golang|Rust,Golang|Rust,,
947,5,8,8,0,1,C|C++|Java|JavaScript|Python3,C|C++|C#|Java|JavaScript|Python3|Golang|Rust,C|C++|C#|Java|JavaScript|Python3|Golang|Rust,C#|Golang|Rust,,
953,6,8,8,0,1,C|C++|C#|Java|JavaScript|Python3,C|C++|C#|Java|JavaScript|Python3|Golang|Rust,C|C++|C#|Java|JavaScript|Python3|Golang|Rust,Golang|Rust,,
954,6,8,8,0,1,C|C++|C#|Java|JavaScript|Python3,C|C++|C#|Java|JavaScript|Python3|Golang|Rust,C|C++|C#|Java|JavaScript|Python3|Golang|Rust,Golang|Rust,,
961,6,8,8,0,1,C|C++|C#|Java|JavaScript|Python3,C|C++|C#|Java|JavaScript|Python3|Golang|Rust,C|C++|C#|Java|JavaScript|Python3|Golang|Rust,Golang|Rust,,
966,7,8,8,0,1,C|C++|C#|Java|JavaScript|Golang|Rust,C|C++|C#|Java|JavaScript|Python3|Golang|Rust,C|C++|C#|Java|JavaScript|Python3|Golang|Rust,Python3,,
969,6,8,8,0,1,C|C++|C#|Java|JavaScript|Python3,C|C++|C#|Java|JavaScript|Python3|Golang|Rust,C|C++|C#|Java|JavaScript|Python3|Golang|Rust,Golang|Rust,,
970,7,8,8,0,1,C|C++|C#|Java|JavaScript|Python3|Golang,C|C++|C#|Java|JavaScript|Python3|Golang|Rust,C|C++|C#|Java|JavaScript|Python3|Golang|Rust,Rust,,
974,3,8,8,0,1,C++|Java|Python3,C|C++|C#|Java|JavaScript|Python3|Golang|Rust,C|C++|C#|Java|JavaScript|Python3|Golang|Rust,C|C#|JavaScript|Golang|Rust,,
976,7,8,8,0,1,C|C++|C#|Java|JavaScript|Golang|Rust,C|C++|C#|Java|JavaScript|Python3|Golang|Rust,C|C++|C#|Java|JavaScript|Python3|Golang|Rust,Python3,,
977,7,8,8,0,1,C|C++|Java|JavaScript|Python3|Golang|Rust,C|C++|C#|Java|JavaScript|Python3|Golang|Rust,C|C++|C#|Java|JavaScript|Python3|Golang|Rust,C#,,
978,4,8,8,0,1,C|C++|Java|JavaScript,C|C++|C#|Java|JavaScript|Python3|Golang|Rust,C|C++|C#|Java|JavaScript|Python3|Golang|Rust,C#|Python3|Golang|Rust,,
981,4,8,8,0,1,C++|C#|Java|JavaScript,C|C++|C#|Java|JavaScript|Python3|Golang|Rust,C|C++|C#|Java|JavaScript|Python3|Golang|Rust,C|Python3|Golang|Rust,,
982,6,8,8,0,1,C|C++|C#|Java|JavaScript|Python3,C|C++|C#|Java|JavaScript|Python3|Golang|Rust,C|C++|C#|Java|JavaScript|Python3|Golang|Rust,Golang|Rust,,
983,3,8,8,0,1,C++|Java|Python3,C|C++|C#|Java|JavaScript|Python3|Golang|Rust,C|C++|C#|Java|JavaScript|Python3|Golang|Rust,C|C#|JavaScript|Golang|Rust,,
989,4,8,8,0,1,C|C++|Java|JavaScript,C|C++|C#|Java|JavaScript|Python3|Golang|Rust,C|C++|C#|Java|JavaScript|Python3|Golang|Rust,C#|Python3|Golang|Rust,,
990,3,8,8,0,1,C++|Java|Python3,C|C++|C#|Java|JavaScript|Python3|Golang|Rust,C|C++|C#|Java|JavaScript|Python3|Golang|Rust,C|C#|JavaScript|Golang|Rust,,
992,5,8,8,0,1,C|C++|Java|JavaScript|Python3,C|C++|C#|Java|JavaScript|Python3|Golang|Rust,C|C++|C#|Java|JavaScript|Python3|Golang|Rust,C#|Golang|Rust,,
995,4,8,8,0,1,C|C++|Java|JavaScript,C|C++|C#|Java|JavaScript|Python3|Golang|Rust,C|C++|C#|Java|JavaScript|Python3|Golang|Rust,C#|Python3|Golang|Rust,,
997,6,8,8,0,1,C|C++|C#|Java|JavaScript|Python3,C|C++|C#|Java|JavaScript|Python3|Golang|Rust,C|C++|C#|Java|JavaScript|Python3|Golang|Rust,Golang|Rust,,
1000,6,8,8,0,1,C|C++|C#|Java|JavaScript|Python3,C|C++|C#|Java|JavaScript|Python3|Golang|Rust,C|C++|C#|Java|JavaScript|Python3|Golang|Rust,Golang|Rust,,
1002,5,8,8,0,1,C|C++|Java|Python3|Golang,C|C++|C#|Java|JavaScript|Python3|Golang|Rust,C|C++|C#|Java|JavaScript|Python3|Golang|Rust,C#|JavaScript|Rust,,
1003,7,8,8,0,1,C|C++|C#|Java|JavaScript|Python3|Golang,C|C++|C#|Java|JavaScript|Python3|Golang|Rust,C|C++|C#|Java|JavaScript|Python3|Golang|Rust,Rust,,
1004,5,8,8,0,1,C|C++|Java|JavaScript|Python3,C|C++|C#|Java|JavaScript|Python3|Golang|Rust,C|C++|C#|Java|JavaScript|Python3|Golang|Rust,C#|Golang|Rust,,
1005,5,8,8,0,1,C++|C#|Java|JavaScript|Python3,C|C++|C#|Java|JavaScript|Python3|Golang|Rust,C|C++|C#|Java|JavaScript|Python3|Golang|Rust,C|Golang|Rust,,
1006,4,8,8,0,1,C|C++|Java|JavaScript,C|C++|C#|Java|JavaScript|Python3|Golang|Rust,C|C++|C#|Java|JavaScript|Python3|Golang|Rust,C#|Python3|Golang|Rust,,
1009,5,8,8,0,1,C++|C#|Java|JavaScript|Python3,C|C++|C#|Java|JavaScript|Python3|Golang|Rust,C|C++|C#|Java|JavaScript|Python3|Golang|Rust,C|Golang|Rust,,
1010,7,8,8,0,1,C|C++|C#|Java|JavaScript|Python3|Golang,C|C++|C#|Java|JavaScript|Python3|Golang|Rust,C|C++|C#|Java|JavaScript|Python3|Golang|Rust,Rust,,
1011,5,8,8,0,1,C|C++|Java|JavaScript|Python3,C|C++|C#|Java|JavaScript|Python3|Golang|Rust,C|C++|C#|Java|JavaScript|Python3|Golang|Rust,C#|Golang|Rust,,
1012,6,8,8,0,1,C|C++|C#|Java|JavaScript|Python3,C|C++|C#|Java|JavaScript|Python3|Golang|Rust,C|C++|C#|Java|JavaScript|Python3|Golang|Rust,Golang|Rust,,
1013,3,8,8,0,1,C++|Java|Python3,C|C++|C#|Java|JavaScript|Python3|Golang|Rust,C|C++|C#|Java|JavaScript|Python3|Golang|Rust,C|C#|JavaScript|Golang|Rust,,
1014,8,8,8,1,1,C|C++|C#|Java|JavaScript|Python3|Golang|Rust,C|C++|C#|Java|JavaScript|Python3|Golang|Rust,C|C++|C#|Java|JavaScript|Python3|Golang|Rust,,,
1016,7,8,8,0,1,C|C++|C#|Java|JavaScript|Python3|Golang,C|C++|C#|Java|JavaScript|Python3|Golang|Rust,C|C++|C#|Java|JavaScript|Python3|Golang|Rust,Rust,,
1017,6,8,8,0,1,C|C++|C#|Java|JavaScript|Python3,C|C++|C#|Java|JavaScript|Python3|Golang|Rust,C|C++|C#|Java|JavaScript|Python3|Golang|Rust,Golang|Rust,,
1018,5,8,8,0,1,C|C++|Java|JavaScript|Python3,C|C++|C#|Java|JavaScript|Python3|Golang|Rust,C|C++|C#|Java|JavaScript|Python3|Golang|Rust,C#|Golang|Rust,,
1021,6,8,8,0,1,C|C++|C#|Java|JavaScript|Python3,C|C++|C#|Java|JavaScript|Python3|Golang|Rust,C|C++|C#|Java|JavaScript|Python3|Golang|Rust,Golang|Rust,,
1023,7,8,8,0,1,C|C++|C#|Java|JavaScript|Python3|Golang,C|C++|C#|Java|JavaScript|Python3|Golang|Rust,C|C++|C#|Java|JavaScript|Python3|Golang|Rust,Rust,,
1024,5,8,8,0,1,C|C++|Java|Python3|Golang,C|C++|C#|Java|JavaScript|Python3|Golang|Rust,C|C++|C#|Java|JavaScript|Python3|Golang|Rust,C#|JavaScript|Rust,,
1025,2,8,8,0,1,C|Java,C|C++|C#|Java|JavaScript|Python3|Golang|Rust,C|C++|C#|Java|JavaScript|Python3|Golang|Rust,C++|C#|JavaScript|Python3|Golang|Rust,,
1027,6,8,8,0,1,C|C++|C#|Java|JavaScript|Python3,C|C++|C#|Java|JavaScript|Python3|Golang|Rust,C|C++|C#|Java|JavaScript|Python3|Golang|Rust,Golang|Rust,,
1030,5,8,8,0,1,C|C++|Java|Python3|Golang,C|C++|C#|Java|JavaScript|Python3|Golang|Rust,C|C++|C#|Java|JavaScript|Python3|Golang|Rust,C#|JavaScript|Rust,,
1031,7,8,8,0,1,C|C++|C#|Java|JavaScript|Python3|Golang,C|C++|C#|Java|JavaScript|Python3|Golang|Rust,C|C++|C#|Java|JavaScript|Python3|Golang|Rust,Rust,,
1032,6,8,8,0,1,C|C++|C#|Java|JavaScript|Python3,C|C++|C#|Java|JavaScript|Python3|Golang|Rust,C|C++|C#|Java|JavaScript|Python3|Golang|Rust,Golang|Rust,,
1033,7,8,8,0,1,C|C++|C#|Java|JavaScript|Python3|Golang,C|C++|C#|Java|JavaScript|Python3|Golang|Rust,C|C++|C#|Java|JavaScript|Python3|Golang|Rust,Rust,,
1034,5,8,8,0,1,C++|C#|Java|JavaScript|Python3,C|C++|C#|Java|JavaScript|Python3|Golang|Rust,C|C++|C#|Java|JavaScript|Python3|Golang|Rust,C|Golang|Rust,,
1036,6,8,8,0,1,C|C++|C#|Java|JavaScript|Python3,C|C++|C#|Java|JavaScript|Python3|Golang|Rust,C|C++|C#|Java|JavaScript|Python3|Golang|Rust,Golang|Rust,,
1037,6,8,8,0,1,C|C++|C#|Java|JavaScript|Python3,C|C++|C#|Java|JavaScript|Python3|Golang|Rust,C|C++|C#|Java|JavaScript|Python3|Golang|Rust,Golang|Rust,,
1040,7,8,8,0,1,C|C++|C#|Java|JavaScript|Python3|Golang,C|C++|C#|Java|JavaScript|Python3|Golang|Rust,C|C++|C#|Java|JavaScript|Python3|Golang|Rust,Rust,,
1041,7,8,8,0,1,C|C++|C#|Java|JavaScript|Python3|Golang,C|C++|C#|Java|JavaScript|Python3|Golang|Rust,C|C++|C#|Java|JavaScript|Python3|Golang|Rust,Rust,,
1042,7,8,8,0,1,C|C++|C#|Java|JavaScript|Python3|Golang,C|C++|C#|Java|JavaScript|Python3|Golang|Rust,C|C++|C#|Java|JavaScript|Python3|Golang|Rust,Rust,,
1043,7,8,8,0,1,C|C++|C#|Java|JavaScript|Python3|Golang,C|C++|C#|Java|JavaScript|Python3|Golang|Rust,C|C++|C#|Java|JavaScript|Python3|Golang|Rust,Rust,,
1044,4,7,7,0,0,C++|C#|Java|Python3,C++|C#|Java|JavaScript|Python3|Golang|Rust,C++|C#|Java|JavaScript|Python3|Golang|Rust,JavaScript|Golang|Rust,,C
1046,4,8,8,0,1,C|C++|Java|JavaScript,C|C++|C#|Java|JavaScript|Python3|Golang|Rust,C|C++|C#|Java|JavaScript|Python3|Golang|Rust,C#|Python3|Golang|Rust,,
1047,5,8,8,0,1,C|C++|Java|JavaScript|Python3,C|C++|C#|Java|JavaScript|Python3|Golang|Rust,C|C++|C#|Java|JavaScript|Python3|Golang|Rust,C#|Golang|Rust,,
1048,7,8,8,0,1,C|C++|C#|Java|JavaScript|Python3|Golang,C|C++|C#|Java|JavaScript|Python3|Golang|Rust,C|C++|C#|Java|JavaScript|Python3|Golang|Rust,Rust,,
1049,6,8,8,0,1,C|C++|C#|Java|JavaScript|Python3,C|C++|C#|Java|JavaScript|Python3|Golang|Rust,C|C++|C#|Java|JavaScript|Python3|Golang|Rust,Golang|Rust,,
1051,6,8,8,0,1,C|C++|C#|Java|JavaScript|Python3,C|C++|C#|Java|JavaScript|Python3|Golang|Rust,C|C++|C#|Java|JavaScript|Python3|Golang|Rust,Golang|Rust,,
1052,5,8,8,0,1,C|C++|Java|JavaScript|Python3,C|C++|C#|Java|JavaScript|Python3|Golang|Rust,C|C++|C#|Java|JavaScript|Python3|Golang|Rust,C#|Golang|Rust,,
1053,7,8,8,0,1,C|C++|C#|Java|JavaScript|Python3|Golang,C|C++|C#|Java|JavaScript|Python3|Golang|Rust,C|C++|C#|Java|JavaScript|Python3|Golang|Rust,Rust,,
1054,6,8,8,0,1,C++|C#|Java|JavaScript|Python3|Golang,C|C++|C#|Java|JavaScript|Python3|Golang|Rust,C|C++|C#|Java|JavaScript|Python3|Golang|Rust,C|Rust,,
1061,8,8,8,1,1,C|C++|C#|Java|JavaScript|Python3|Golang|Rust,C|C++|C#|Java|JavaScript|Python3|Golang|Rust,C|C++|C#|Java|JavaScript|Python3|Golang|Rust,,,
1071,3,8,8,0,1,C++|Java|Python3,C|C++|C#|Java|JavaScript|Python3|Golang|Rust,C|C++|C#|Java|JavaScript|Python3|Golang|Rust,C|C#|JavaScript|Golang|Rust,,
1072,7,8,8,0,1,C|C++|C#|Java|JavaScript|Python3|Golang,C|C++|C#|Java|JavaScript|Python3|Golang|Rust,C|C++|C#|Java|JavaScript|Python3|Golang|Rust,Rust,,
1073,6,8,8,0,1,C|C++|C#|Java|JavaScript|Python3,C|C++|C#|Java|JavaScript|Python3|Golang|Rust,C|C++|C#|Java|JavaScript|Python3|Golang|Rust,Golang|Rust,,
1078,7,8,8,0,1,C|C++|C#|Java|JavaScript|Python3|Golang,C|C++|C#|Java|JavaScript|Python3|Golang|Rust,C|C++|C#|Java|JavaScript|Python3|Golang|Rust,Rust,,
1079,7,8,8,0,1,C|C++|C#|Java|JavaScript|Python3|Golang,C|C++|C#|Java|JavaScript|Python3|Golang|Rust,C|C++|C#|Java|JavaScript|Python3|Golang|Rust,Rust,,
1081,5,8,8,0,1,C|C++|Java|JavaScript|Golang,C|C++|C#|Java|JavaScript|Python3|Golang|Rust,C|C++|C#|Java|JavaScript|Python3|Golang|Rust,C#|Python3|Rust,,
1089,6,8,8,0,1,C|C++|C#|Java|JavaScript|Python3,C|C++|C#|Java|JavaScript|Python3|Golang|Rust,C|C++|C#|Java|JavaScript|Python3|Golang|Rust,Golang|Rust,,
1090,7,8,8,0,1,C|C++|C#|Java|JavaScript|Python3|Golang,C|C++|C#|Java|JavaScript|Python3|Golang|Rust,C|C++|C#|Java|JavaScript|Python3|Golang|Rust,Rust,,
1092,5,8,8,0,1,C|C++|C#|Java|JavaScript,C|C++|C#|Java|JavaScript|Python3|Golang|Rust,C|C++|C#|Java|JavaScript|Python3|Golang|Rust,Python3|Golang|Rust,,
1093,7,8,8,0,1,C|C++|C#|Java|JavaScript|Python3|Golang,C|C++|C#|Java|JavaScript|Python3|Golang|Rust,C|C++|C#|Java|JavaScript|Python3|Golang|Rust,Rust,,
1094,7,8,8,0,1,C|C++|C#|Java|JavaScript|Python3|Golang,C|C++|C#|Java|JavaScript|Python3|Golang|Rust,C|C++|C#|Java|JavaScript|Python3|Golang|Rust,Rust,,
1095,3,8,8,0,1,C++|Java|Python3,C|C++|C#|Java|JavaScript|Python3|Golang|Rust,C|C++|C#|Java|JavaScript|Python3|Golang|Rust,C|C#|JavaScript|Golang|Rust,,
1096,2,8,8,0,1,C++|Java,C|C++|C#|Java|JavaScript|Python3|Golang|Rust,C|C++|C#|Java|JavaScript|Python3|Golang|Rust,C|C#|JavaScript|Python3|Golang|Rust,,
1103,8,8,8,1,1,C|C++|C#|Java|JavaScript|Python3|Golang|Rust,C|C++|C#|Java|JavaScript|Python3|Golang|Rust,C|C++|C#|Java|JavaScript|Python3|Golang|Rust,,,
1106,6,8,8,0,1,C|C++|C#|Java|JavaScript|Python3,C|C++|C#|Java|JavaScript|Python3|Golang|Rust,C|C++|C#|Java|JavaScript|Python3|Golang|Rust,Golang|Rust,,
1108,6,8,8,0,1,C|C++|C#|Java|JavaScript|Python3,C|C++|C#|Java|JavaScript|Python3|Golang|Rust,C|C++|C#|Java|JavaScript|Python3|Golang|Rust,Golang|Rust,,
1109,6,8,8,0,1,C|C++|C#|Java|JavaScript|Python3,C|C++|C#|Java|JavaScript|Python3|Golang|Rust,C|C++|C#|Java|JavaScript|Python3|Golang|Rust,Golang|Rust,,
1111,3,8,8,0,1,C++|Java|Python3,C|C++|C#|Java|JavaScript|Python3|Golang|Rust,C|C++|C#|Java|JavaScript|Python3|Golang|Rust,C|C#|JavaScript|Golang|Rust,,
1122,5,8,8,0,1,C|C++|Java|Python3|Golang,C|C++|C#|Java|JavaScript|Python3|Golang|Rust,C|C++|C#|Java|JavaScript|Python3|Golang|Rust,C#|JavaScript|Rust,,
1124,5,8,8,0,1,C|C++|C#|Java|JavaScript,C|C++|C#|Java|JavaScript|Python3|Golang|Rust,C|C++|C#|Java|JavaScript|Python3|Golang|Rust,Python3|Golang|Rust,,
1125,7,8,8,0,1,C|C++|C#|Java|JavaScript|Python3|Golang,C|C++|C#|Java|JavaScript|Python3|Golang|Rust,C|C++|C#|Java|JavaScript|Python3|Golang|Rust,Rust,,
1128,5,8,8,0,1,C|C++|Java|JavaScript|Python3,C|C++|C#|Java|JavaScript|Python3|Golang|Rust,C|C++|C#|Java|JavaScript|Python3|Golang|Rust,C#|Golang|Rust,,
1129,6,8,8,0,1,C|C++|C#|Java|JavaScript|Python3,C|C++|C#|Java|JavaScript|Python3|Golang|Rust,C|C++|C#|Java|JavaScript|Python3|Golang|Rust,Golang|Rust,,
1137,6,8,8,0,1,C|C++|C#|Java|JavaScript|Python3,C|C++|C#|Java|JavaScript|Python3|Golang|Rust,C|C++|C#|Java|JavaScript|Python3|Golang|Rust,Golang|Rust,,
1139,6,8,8,0,1,C|C++|C#|Java|JavaScript|Python3,C|C++|C#|Java|JavaScript|Python3|Golang|Rust,C|C++|C#|Java|JavaScript|Python3|Golang|Rust,Golang|Rust,,
1140,6,8,8,0,1,C|C++|C#|Java|JavaScript|Python3,C|C++|C#|Java|JavaScript|Python3|Golang|Rust,C|C++|C#|Java|JavaScript|Python3|Golang|Rust,Golang|Rust,,
1143,5,8,8,0,1,C|C++|Java|JavaScript|Python3,C|C++|C#|Java|JavaScript|Python3|Golang|Rust,C|C++|C#|Java|JavaScript|Python3|Golang|Rust,C#|Golang|Rust,,
1144,6,8,8,0,1,C|C++|C#|Java|JavaScript|Python3,C|C++|C#|Java|JavaScript|Python3|Golang|Rust,C|C++|C#|Java|JavaScript|Python3|Golang|Rust,Golang|Rust,,
1146,8,8,8,1,1,C|C++|C#|Java|JavaScript|Python3|Golang|Rust,C|C++|C#|Java|JavaScript|Python3|Golang|Rust,C|C++|C#|Java|JavaScript|Python3|Golang|Rust,,,
1147,6,8,8,0,1,C|C++|C#|Java|JavaScript|Python3,C|C++|C#|Java|JavaScript|Python3|Golang|Rust,C|C++|C#|Java|JavaScript|Python3|Golang|Rust,Golang|Rust,,
1154,6,8,8,0,1,C|C++|C#|Java|JavaScript|Python3,C|C++|C#|Java|JavaScript|Python3|Golang|Rust,C|C++|C#|Java|JavaScript|Python3|Golang|Rust,Golang|Rust,,
1155,7,8,8,0,1,C|C++|C#|Java|JavaScript|Python3|Golang,C|C++|C#|Java|JavaScript|Python3|Golang|Rust,C|C++|C#|Java|JavaScript|Python3|Golang|Rust,Rust,,
1156,7,8,8,0,1,C|C++|C#|Java|JavaScript|Python3|Golang,C|C++|C#|Java|JavaScript|Python3|Golang|Rust,C|C++|C#|Java|JavaScript|Python3|Golang|Rust,Rust,,
1157,6,8,8,0,1,C|C++|C#|Java|JavaScript|Python3,C|C++|C#|Java|JavaScript|Python3|Golang|Rust,C|C++|C#|Java|JavaScript|Python3|Golang|Rust,Golang|Rust,,
1160,3,8,8,0,1,C++|Java|Python3,C|C++|C#|Java|JavaScript|Python3|Golang|Rust,C|C++|C#|Java|JavaScript|Python3|Golang|Rust,C|C#|JavaScript|Golang|Rust,,
1163,7,8,8,0,1,C|C++|C#|Java|JavaScript|Python3|Golang,C|C++|C#|Java|JavaScript|Python3|Golang|Rust,C|C++|C#|Java|JavaScript|Python3|Golang|Rust,Rust,,
1170,7,8,8,0,1,C|C++|C#|Java|JavaScript|Python3|Golang,C|C++|C#|Java|JavaScript|Python3|Golang|Rust,C|C++|C#|Java|JavaScript|Python3|Golang|Rust,Rust,,
1171,7,7,7,0,0,C|C++|C#|Java|JavaScript|Python3|Golang,C|C++|C#|Java|JavaScript|Python3|Golang,C|C++|C#|Java|JavaScript|Python3|Golang,,,Rust
1172,5,8,8,0,1,C++|Java|JavaScript|Python3|Golang,C|C++|C#|Java|JavaScript|Python3|Golang|Rust,C|C++|C#|Java|JavaScript|Python3|Golang|Rust,C|C#|Rust,,
1175,6,8,8,0,1,C|C++|C#|Java|JavaScript|Python3,C|C++|C#|Java|JavaScript|Python3|Golang|Rust,C|C++|C#|Java|JavaScript|Python3|Golang|Rust,Golang|Rust,,
1177,7,8,8,0,1,C|C++|C#|Java|JavaScript|Python3|Golang,C|C++|C#|Java|JavaScript|Python3|Golang|Rust,C|C++|C#|Java|JavaScript|Python3|Golang|Rust,Rust,,
1178,5,8,8,0,1,C|C++|Java|JavaScript|Python3,C|C++|C#|Java|JavaScript|Python3|Golang|Rust,C|C++|C#|Java|JavaScript|Python3|Golang|Rust,C#|Golang|Rust,,
1185,6,8,8,0,1,C|C++|C#|Java|JavaScript|Python3,C|C++|C#|Java|JavaScript|Python3|Golang|Rust,C|C++|C#|Java|JavaScript|Python3|Golang|Rust,Golang|Rust,,
1186,7,8,8,0,1,C|C++|C#|Java|JavaScript|Python3|Golang,C|C++|C#|Java|JavaScript|Python3|Golang|Rust,C|C++|C#|Java|JavaScript|Python3|Golang|Rust,Rust,,
1187,6,8,8,0,1,C|C++|C#|Java|JavaScript|Python3,C|C++|C#|Java|JavaScript|Python3|Golang|Rust,C|C++|C#|Java|JavaScript|Python3|Golang|Rust,Golang|Rust,,
1190,5,8,8,0,1,C|C++|C#|Java|JavaScript,C|C++|C#|Java|JavaScript|Python3|Golang|Rust,C|C++|C#|Java|JavaScript|Python3|Golang|Rust,Python3|Golang|Rust,,
1200,6,8,8,0,1,C|C++|C#|Java|JavaScript|Python3,C|C++|C#|Java|JavaScript|Python3|Golang|Rust,C|C++|C#|Java|JavaScript|Python3|Golang|Rust,Golang|Rust,,
1202,5,8,8,0,1,C|C++|Java|JavaScript|Python3,C|C++|C#|Java|JavaScript|Python3|Golang|Rust,C|C++|C#|Java|JavaScript|Python3|Golang|Rust,C#|Golang|Rust,,
1207,5,8,8,0,1,C|C++|Java|JavaScript|Golang,C|C++|C#|Java|JavaScript|Python3|Golang|Rust,C|C++|C#|Java|JavaScript|Python3|Golang|Rust,C#|Python3|Rust,,
1208,5,8,8,0,1,C|C++|Java|JavaScript|Python3,C|C++|C#|Java|JavaScript|Python3|Golang|Rust,C|C++|C#|Java|JavaScript|Python3|Golang|Rust,C#|Golang|Rust,,
1218,5,8,8,0,1,C++|C#|Java|JavaScript|Python3,C|C++|C#|Java|JavaScript|Python3|Golang|Rust,C|C++|C#|Java|JavaScript|Python3|Golang|Rust,C|Golang|Rust,,
1219,5,8,8,0,1,C++|C#|Java|JavaScript|Python3,C|C++|C#|Java|JavaScript|Python3|Golang|Rust,C|C++|C#|Java|JavaScript|Python3|Golang|Rust,C|Golang|Rust,,
1220,6,8,8,0,1,C|C++|C#|Java|JavaScript|Python3,C|C++|C#|Java|JavaScript|Python3|Golang|Rust,C|C++|C#|Java|JavaScript|Python3|Golang|Rust,Golang|Rust,,
1221,6,8,8,0,1,C|C++|C#|Java|JavaScript|Python3,C|C++|C#|Java|JavaScript|Python3|Golang|Rust,C|C++|C#|Java|JavaScript|Python3|Golang|Rust,Golang|Rust,,
1223,5,8,8,0,1,C|C++|C#|Java|JavaScript,C|C++|C#|Java|JavaScript|Python3|Golang|Rust,C|C++|C#|Java|JavaScript|Python3|Golang|Rust,Python3|Golang|Rust,,
1224,6,8,8,0,1,C|C++|C#|Java|JavaScript|Python3,C|C++|C#|Java|JavaScript|Python3|Golang|Rust,C|C++|C#|Java|JavaScript|Python3|Golang|Rust,Golang|Rust,,
1227,8,8,8,1,1,C|C++|C#|Java|JavaScript|Python3|Golang|Rust,C|C++|C#|Java|JavaScript|Python3|Golang|Rust,C|C++|C#|Java|JavaScript|Python3|Golang|Rust,,,
1233,6,8,8,0,1,C|C++|C#|Java|JavaScript|Python3,C|C++|C#|Java|JavaScript|Python3|Golang|Rust,C|C++|C#|Java|JavaScript|Python3|Golang|Rust,Golang|Rust,,
1234,6,8,8,0,1,C|C++|C#|Java|JavaScript|Python3,C|C++|C#|Java|JavaScript|Python3|Golang|Rust,C|C++|C#|Java|JavaScript|Python3|Golang|Rust,Golang|Rust,,
1237,6,8,8,0,1,C|C++|C#|Java|JavaScript|Python3,C|C++|C#|Java|JavaScript|Python3|Golang|Rust,C|C++|C#|Java|JavaScript|Python3|Golang|Rust,Golang|Rust,,
1238,6,8,8,0,1,C|C++|C#|Java|JavaScript|Python3,C|C++|C#|Java|JavaScript|Python3|Golang|Rust,C|C++|C#|Java|JavaScript|Python3|Golang|Rust,Golang|Rust,,
1239,6,8,8,0,1,C|C++|C#|Java|JavaScript|Python3,C|C++|C#|Java|JavaScript|Python3|Golang|Rust,C|C++|C#|Java|JavaScript|Python3|Golang|Rust,Golang|Rust,,
1247,6,8,8,0,1,C|C++|C#|Java|JavaScript|Python3,C|C++|C#|Java|JavaScript|Python3|Golang|Rust,C|C++|C#|Java|JavaScript|Python3|Golang|Rust,Golang|Rust,,
1248,2,8,8,0,1,C++|Java,C|C++|C#|Java|JavaScript|Python3|Golang|Rust,C|C++|C#|Java|JavaScript|Python3|Golang|Rust,C|C#|JavaScript|Python3|Golang|Rust,,
1250,6,8,8,0,1,C|C++|C#|Java|JavaScript|Python3,C|C++|C#|Java|JavaScript|Python3|Golang|Rust,C|C++|C#|Java|JavaScript|Python3|Golang|Rust,Golang|Rust,,
1253,7,8,8,0,1,C|C++|C#|Java|JavaScript|Python3|Golang,C|C++|C#|Java|JavaScript|Python3|Golang|Rust,C|C++|C#|Java|JavaScript|Python3|Golang|Rust,Rust,,
1255,4,8,8,0,1,C++|C#|Java|JavaScript,C|C++|C#|Java|JavaScript|Python3|Golang|Rust,C|C++|C#|Java|JavaScript|Python3|Golang|Rust,C|Python3|Golang|Rust,,
1262,7,8,8,0,1,C|C++|C#|Java|JavaScript|Python3|Golang,C|C++|C#|Java|JavaScript|Python3|Golang|Rust,C|C++|C#|Java|JavaScript|Python3|Golang|Rust,Rust,,
1269,6,8,8,0,1,C|C++|C#|Java|JavaScript|Python3,C|C++|C#|Java|JavaScript|Python3|Golang|Rust,C|C++|C#|Java|JavaScript|Python3|Golang|Rust,Golang|Rust,,
1276,7,8,8,0,1,C|C++|C#|Java|JavaScript|Python3|Golang,C|C++|C#|Java|JavaScript|Python3|Golang|Rust,C|C++|C#|Java|JavaScript|Python3|Golang|Rust,Rust,,
1277,8,8,8,1,1,C|C++|C#|Java|JavaScript|Python3|Golang|Rust,C|C++|C#|Java|JavaScript|Python3|Golang|Rust,C|C++|C#|Java|JavaScript|Python3|Golang|Rust,,,
1278,8,8,8,1,1,C|C++|C#|Java|JavaScript|Python3|Golang|Rust,C|C++|C#|Java|JavaScript|Python3|Golang|Rust,C|C++|C#|Java|JavaScript|Python3|Golang|Rust,,,
1281,6,8,8,0,1,C|C#|Java|JavaScript|Python3|Golang,C|C++|C#|Java|JavaScript|Python3|Golang|Rust,C|C++|C#|Java|JavaScript|Python3|Golang|Rust,C++|Rust,,
1282,6,8,8,0,1,C|C++|C#|Java|JavaScript|Python3,C|C++|C#|Java|JavaScript|Python3|Golang|Rust,C|C++|C#|Java|JavaScript|Python3|Golang|Rust,Golang|Rust,,
1286,2,8,8,0,1,C++|Python3,C|C++|C#|Java|JavaScript|Python3|Golang|Rust,C|C++|C#|Java|JavaScript|Python3|Golang|Rust,C|C#|Java|JavaScript|Golang|Rust,,
1287,8,8,8,1,1,C|C++|C#|Java|JavaScript|Python3|Golang|Rust,C|C++|C#|Java|JavaScript|Python3|Golang|Rust,C|C++|C#|Java|JavaScript|Python3|Golang|Rust,,,
1288,2,8,8,0,1,C++|Python3,C|C++|C#|Java|JavaScript|Python3|Golang|Rust,C|C++|C#|Java|JavaScript|Python3|Golang|Rust,C|C#|Java|JavaScript|Golang|Rust,,
1291,2,8,8,0,1,C++|Python3,C|C++|C#|Java|JavaScript|Python3|Golang|Rust,C|C++|C#|Java|JavaScript|Python3|Golang|Rust,C|C#|Java|JavaScript|Golang|Rust,,
1295,8,8,8,1,1,C|C++|C#|Java|JavaScript|Python3|Golang|Rust,C|C++|C#|Java|JavaScript|Python3|Golang|Rust,C|C++|C#|Java|JavaScript|Python3|Golang|Rust,,,
1296,6,8,8,0,1,C|C++|C#|Java|JavaScript|Python3,C|C++|C#|Java|JavaScript|Python3|Golang|Rust,C|C++|C#|Java|JavaScript|Python3|Golang|Rust,Golang|Rust,,
1297,2,8,8,0,1,C++|Python3,C|C++|C#|Java|JavaScript|Python3|Golang|Rust,C|C++|C#|Java|JavaScript|Python3|Golang|Rust,C|C#|Java|JavaScript|Golang|Rust,,
1298,8,8,8,1,1,C|C++|C#|Java|JavaScript|Python3|Golang|Rust,C|C++|C#|Java|JavaScript|Python3|Golang|Rust,C|C++|C#|Java|JavaScript|Python3|Golang|Rust,,,
1299,8,8,8,1,1,C|C++|C#|Java|JavaScript|Python3|Golang|Rust,C|C++|C#|Java|JavaScript|Python3|Golang|Rust,C|C++|C#|Java|JavaScript|Python3|Golang|Rust,,,
1300,3,8,8,0,1,C++|Java|Python3,C|C++|C#|Java|JavaScript|Python3|Golang|Rust,C|C++|C#|Java|JavaScript|Python3|Golang|Rust,C|C#|JavaScript|Golang|Rust,,
1301,2,8,8,0,1,C++|Python3,C|C++|C#|Java|JavaScript|Python3|Golang|Rust,C|C++|C#|Java|JavaScript|Python3|Golang|Rust,C|C#|Java|JavaScript|Golang|Rust,,
1304,8,8,8,1,1,C|C++|C#|Java|JavaScript|Python3|Golang|Rust,C|C++|C#|Java|JavaScript|Python3|Golang|Rust,C|C++|C#|Java|JavaScript|Python3|Golang|Rust,,,
1306,2,8,8,0,1,C++|Python3,C|C++|C#|Java|JavaScript|Python3|Golang|Rust,C|C++|C#|Java|JavaScript|Python3|Golang|Rust,C|C#|Java|JavaScript|Golang|Rust,,
1307,2,7,7,0,0,C++|Python3,C|C++|C#|Java|JavaScript|Python3|Golang,C|C++|C#|Java|JavaScript|Python3|Golang,C|C#|Java|JavaScript|Golang,,Rust
1309,2,8,8,0,1,C++|Python3,C|C++|C#|Java|JavaScript|Python3|Golang|Rust,C|C++|C#|Java|JavaScript|Python3|Golang|Rust,C|C#|Java|JavaScript|Golang|Rust,,
1310,6,8,8,0,1,C|C++|C#|Java|JavaScript|Python3,C|C++|C#|Java|JavaScript|Python3|Golang|Rust,C|C++|C#|Java|JavaScript|Python3|Golang|Rust,Golang|Rust,,
1312,2,8,8,0,1,C++|Python3,C|C++|C#|Java|JavaScript|Python3|Golang|Rust,C|C++|C#|Java|JavaScript|Python3|Golang|Rust,C|C#|Java|JavaScript|Golang|Rust,,
1313,2,8,8,0,1,C++|Python3,C|C++|C#|Java|JavaScript|Python3|Golang|Rust,C|C++|C#|Java|JavaScript|Python3|Golang|Rust,C|C#|Java|JavaScript|Golang|Rust,,
1314,2,8,8,0,1,C++|Python3,C|C++|C#|Java|JavaScript|Python3|Golang|Rust,C|C++|C#|Java|JavaScript|Python3|Golang|Rust,C|C#|Java|JavaScript|Golang|Rust,,
1316,2,8,8,0,1,C++|Python3,C|C++|C#|Java|JavaScript|Python3|Golang|Rust,C|C++|C#|Java|JavaScript|Python3|Golang|Rust,C|C#|Java|JavaScript|Golang|Rust,,
1317,8,8,8,1,1,C|C++|C#|Java|JavaScript|Python3|Golang|Rust,C|C++|C#|Java|JavaScript|Python3|Golang|Rust,C|C++|C#|Java|JavaScript|Python3|Golang|Rust,,,
1323,8,8,8,1,1,C|C++|C#|Java|JavaScript|Python3|Golang|Rust,C|C++|C#|Java|JavaScript|Python3|Golang|Rust,C|C++|C#|Java|JavaScript|Python3|Golang|Rust,,,
1324,2,8,8,0,1,C++|Python3,C|C++|C#|Java|JavaScript|Python3|Golang|Rust,C|C++|C#|Java|JavaScript|Python3|Golang|Rust,C|C#|Java|JavaScript|Golang|Rust,,
1328,8,8,8,1,1,C|C++|C#|Java|JavaScript|Python3|Golang|Rust,C|C++|C#|Java|JavaScript|Python3|Golang|Rust,C|C++|C#|Java|JavaScript|Python3|Golang|Rust,,,
1330,7,8,8,0,1,C|C++|C#|Java|JavaScript|Python3|Golang,C|C++|C#|Java|JavaScript|Python3|Golang|Rust,C|C++|C#|Java|JavaScript|Python3|Golang|Rust,Rust,,
1331,6,8,8,0,1,C|C++|C#|Java|JavaScript|Python3,C|C++|C#|Java|JavaScript|Python3|Golang|Rust,C|C++|C#|Java|JavaScript|Python3|Golang|Rust,Golang|Rust,,
1332,6,8,8,0,1,C|C++|C#|Java|JavaScript|Python3,C|C++|C#|Java|JavaScript|Python3|Golang|Rust,C|C++|C#|Java|JavaScript|Python3|Golang|Rust,Golang|Rust,,
1333,7,8,8,0,1,C|C++|C#|Java|JavaScript|Python3|Golang,C|C++|C#|Java|JavaScript|Python3|Golang|Rust,C|C++|C#|Java|JavaScript|Python3|Golang|Rust,Rust,,
1337,4,8,8,0,1,C++|C#|Java|Python3,C|C++|C#|Java|JavaScript|Python3|Golang|Rust,C|C++|C#|Java|JavaScript|Python3|Golang|Rust,C|JavaScript|Golang|Rust,,
1338,8,8,8,1,1,C|C++|C#|Java|JavaScript|Python3|Golang|Rust,C|C++|C#|Java|JavaScript|Python3|Golang|Rust,C|C++|C#|Java|JavaScript|Python3|Golang|Rust,,,
1342,6,8,8,0,1,C|C++|C#|Java|JavaScript|Python3,C|C++|C#|Java|JavaScript|Python3|Golang|Rust,C|C++|C#|Java|JavaScript|Python3|Golang|Rust,Golang|Rust,,
1345,5,8,8,0,1,C|C++|C#|Java|Python3,C|C++|C#|Java|JavaScript|Python3|Golang|Rust,C|C++|C#|Java|JavaScript|Python3|Golang|Rust,JavaScript|Golang|Rust,,
1356,4,8,8,0,1,C|C++|Java|Golang,C|C++|C#|Java|JavaScript|Python3|Golang|Rust,C|C++|C#|Java|JavaScript|Python3|Golang|Rust,C#|JavaScript|Python3|Rust,,
1357,2,8,8,0,1,C++|Python3,C|C++|C#|Java|JavaScript|Python3|Golang|Rust,C|C++|C#|Java|JavaScript|Python3|Golang|Rust,C|C#|Java|JavaScript|Golang|Rust,,
1359,2,8,8,0,1,C++|Python3,C|C++|C#|Java|JavaScript|Python3|Golang|Rust,C|C++|C#|Java|JavaScript|Python3|Golang|Rust,C|C#|Java|JavaScript|Golang|Rust,,
1363,2,8,8,0,1,C++|Python3,C|C++|C#|Java|JavaScript|Python3|Golang|Rust,C|C++|C#|Java|JavaScript|Python3|Golang|Rust,C|C#|Java|JavaScript|Golang|Rust,,
1365,5,8,8,0,1,C|C++|Java|JavaScript|Golang,C|C++|C#|Java|JavaScript|Python3|Golang|Rust,C|C++|C#|Java|JavaScript|Python3|Golang|Rust,C#|Python3|Rust,,
1366,8,8,8,1,1,C|C++|C#|Java|JavaScript|Python3|Golang|Rust,C|C++|C#|Java|JavaScript|Python3|Golang|Rust,C|C++|C#|Java|JavaScript|Python3|Golang|Rust,,,
1370,5,8,8,0,1,C|C++|Java|Python3|Golang,C|C++|C#|Java|JavaScript|Python3|Golang|Rust,C|C++|C#|Java|JavaScript|Python3|Golang|Rust,C#|JavaScript|Rust,,
1371,3,8,8,0,1,C++|Java|JavaScript,C|C++|C#|Java|JavaScript|Python3|Golang|Rust,C|C++|C#|Java|JavaScript|Python3|Golang|Rust,C|C#|Python3|Golang|Rust,,
1374,6,8,8,0,1,C|C++|C#|Java|JavaScript|Python3,C|C++|C#|Java|JavaScript|Python3|Golang|Rust,C|C++|C#|Java|JavaScript|Python3|Golang|Rust,Golang|Rust,,
1375,7,8,8,0,1,C|C++|C#|Java|JavaScript|Python3|Golang,C|C++|C#|Java|JavaScript|Python3|Golang|Rust,C|C++|C#|Java|JavaScript|Python3|Golang|Rust,Rust,,
1380,6,8,8,0,1,C|C++|C#|Java|JavaScript|Python3,C|C++|C#|Java|JavaScript|Python3|Golang|Rust,C|C++|C#|Java|JavaScript|Python3|Golang|Rust,Golang|Rust,,
1381,3,8,8,0,1,C++|Java|Python3,C|C++|C#|Java|JavaScript|Python3|Golang|Rust,C|C++|C#|Java|JavaScript|Python3|Golang|Rust,C|C#|JavaScript|Golang|Rust,,
1383,3,7,7,0,0,C++|Java|Python3,C|C++|C#|Java|Python3|Golang|Rust,C|C++|C#|Java|Python3|Golang|Rust,C|C#|Golang|Rust,,JavaScript
1385,1,8,8,0,1,Java,C|C++|C#|Java|JavaScript|Python3|Golang|Rust,C|C++|C#|Java|JavaScript|Python3|Golang|Rust,C|C++|C#|JavaScript|Python3|Golang|Rust,,
1387,7,8,8,0,1,C|C++|C#|Java|JavaScript|Golang|Rust,C|C++|C#|Java|JavaScript|Python3|Golang|Rust,C|C++|C#|Java|JavaScript|Python3|Golang|Rust,Python3,,
1389,4,8,8,0,1,C|C++|Java|Python3,C|C++|C#|Java|JavaScript|Python3|Golang|Rust,C|C++|C#|Java|JavaScript|Python3|Golang|Rust,C#|JavaScript|Golang|Rust,,
1390,3,8,8,0,1,C++|Java|Python3,C|C++|C#|Java|JavaScript|Python3|Golang|Rust,C|C++|C#|Java|JavaScript|Python3|Golang|Rust,C|C#|JavaScript|Golang|Rust,,
1392,3,8,8,0,1,C++|Java|Python3,C|C++|C#|Java|JavaScript|Python3|Golang|Rust,C|C++|C#|Java|JavaScript|Python3|Golang|Rust,C|C#|JavaScript|Golang|Rust,,
1394,8,8,8,1,1,C|C++|C#|Java|JavaScript|Python3|Golang|Rust,C|C++|C#|Java|JavaScript|Python3|Golang|Rust,C|C++|C#|Java|JavaScript|Python3|Golang|Rust,,,
1395,3,8,8,0,1,C++|Java|Python3,C|C++|C#|Java|JavaScript|Python3|Golang|Rust,C|C++|C#|Java|JavaScript|Python3|Golang|Rust,C|C#|JavaScript|Golang|Rust,,
1396,3,8,8,0,1,C++|Java|Python3,C|C++|C#|Java|JavaScript|Python3|Golang|Rust,C|C++|C#|Java|JavaScript|Python3|Golang|Rust,C|C#|JavaScript|Golang|Rust,,
1397,3,8,8,0,1,C++|Java|Python3,C|C++|C#|Java|JavaScript|Python3|Golang|Rust,C|C++|C#|Java|JavaScript|Python3|Golang|Rust,C|C#|JavaScript|Golang|Rust,,
1399,8,8,8,1,1,C|C++|C#|Java|JavaScript|Python3|Golang|Rust,C|C++|C#|Java|JavaScript|Python3|Golang|Rust,C|C++|C#|Java|JavaScript|Python3|Golang|Rust,,,
1400,3,8,8,0,1,C++|Java|Python3,C|C++|C#|Java|JavaScript|Python3|Golang|Rust,C|C++|C#|Java|JavaScript|Python3|Golang|Rust,C|C#|JavaScript|Golang|Rust,,
1402,7,8,8,0,1,C|C++|C#|Java|JavaScript|Python3|Golang,C|C++|C#|Java|JavaScript|Python3|Golang|Rust,C|C++|C#|Java|JavaScript|Python3|Golang|Rust,Rust,,
1403,6,8,8,0,1,C|C++|C#|Java|JavaScript|Python3,C|C++|C#|Java|JavaScript|Python3|Golang|Rust,C|C++|C#|Java|JavaScript|Python3|Golang|Rust,Golang|Rust,,
1404,3,8,8,0,1,C++|Java|Python3,C|C++|C#|Java|JavaScript|Python3|Golang|Rust,C|C++|C#|Java|JavaScript|Python3|Golang|Rust,C|C#|JavaScript|Golang|Rust,,
1405,6,8,8,0,1,C|C++|C#|Java|JavaScript|Python3,C|C++|C#|Java|JavaScript|Python3|Golang|Rust,C|C++|C#|Java|JavaScript|Python3|Golang|Rust,Golang|Rust,,
1406,3,8,8,0,1,C++|Java|Python3,C|C++|C#|Java|JavaScript|Python3|Golang|Rust,C|C++|C#|Java|JavaScript|Python3|Golang|Rust,C|C#|JavaScript|Golang|Rust,,
1408,6,8,8,0,1,C|C++|C#|Java|JavaScript|Python3,C|C++|C#|Java|JavaScript|Python3|Golang|Rust,C|C++|C#|Java|JavaScript|Python3|Golang|Rust,Golang|Rust,,
1409,3,8,8,0,1,C++|Java|Python3,C|C++|C#|Java|JavaScript|Python3|Golang|Rust,C|C++|C#|Java|JavaScript|Python3|Golang|Rust,C|C#|JavaScript|Golang|Rust,,
1410,7,8,8,0,1,C|C++|C#|Java|JavaScript|Python3|Golang,C|C++|C#|Java|JavaScript|Python3|Golang|Rust,C|C++|C#|Java|JavaScript|Python3|Golang|Rust,Rust,,
1413,6,8,8,0,1,C|C++|C#|Java|JavaScript|Python3,C|C++|C#|Java|JavaScript|Python3|Golang|Rust,C|C++|C#|Java|JavaScript|Python3|Golang|Rust,Golang|Rust,,
1414,6,8,8,0,1,C|C++|C#|Java|JavaScript|Python3,C|C++|C#|Java|JavaScript|Python3|Golang|Rust,C|C++|C#|Java|JavaScript|Python3|Golang|Rust,Golang|Rust,,
1416,3,8,8,0,1,C++|Java|Python3,C|C++|C#|Java|JavaScript|Python3|Golang|Rust,C|C++|C#|Java|JavaScript|Python3|Golang|Rust,C|C#|JavaScript|Golang|Rust,,
1417,6,8,8,0,1,C|C++|C#|Java|JavaScript|Python3,C|C++|C#|Java|JavaScript|Python3|Golang|Rust,C|C++|C#|Java|JavaScript|Python3|Golang|Rust,Golang|Rust,,
1418,4,8,8,0,1,C++|C#|Java|JavaScript,C|C++|C#|Java|JavaScript|Python3|Golang|Rust,C|C++|C#|Java|JavaScript|Python3|Golang|Rust,C|Python3|Golang|Rust,,
1419,6,8,8,0,1,C|C++|C#|Java|JavaScript|Python3,C|C++|C#|Java|JavaScript|Python3|Golang|Rust,C|C++|C#|Java|JavaScript|Python3|Golang|Rust,Golang|Rust,,
1422,6,8,8,0,1,C|C++|C#|Java|JavaScript|Python3,C|C++|C#|Java|JavaScript|Python3|Golang|Rust,C|C++|C#|Java|JavaScript|Python3|Golang|Rust,Golang|Rust,,
1423,5,8,8,0,1,C|C++|Java|JavaScript|Python3,C|C++|C#|Java|JavaScript|Python3|Golang|Rust,C|C++|C#|Java|JavaScript|Python3|Golang|Rust,C#|Golang|Rust,,
1425,3,8,8,0,1,C++|Java|Python3,C|C++|C#|Java|JavaScript|Python3|Golang|Rust,C|C++|C#|Java|JavaScript|Python3|Golang|Rust,C|C#|JavaScript|Golang|Rust,,
1431,2,8,8,0,1,Java|Python3,C|C++|C#|Java|JavaScript|Python3|Golang|Rust,C|C++|C#|Java|JavaScript|Python3|Golang|Rust,C|C++|C#|JavaScript|Golang|Rust,,
1432,8,8,8,1,1,C|C++|C#|Java|JavaScript|Python3|Golang|Rust,C|C++|C#|Java|JavaScript|Python3|Golang|Rust,C|C++|C#|Java|JavaScript|Python3|Golang|Rust,,,
1433,1,8,8,0,1,Java,C|C++|C#|Java|JavaScript|Python3|Golang|Rust,C|C++|C#|Java|JavaScript|Python3|Golang|Rust,C|C++|C#|JavaScript|Python3|Golang|Rust,,
1434,3,8,8,0,1,C++|Java|Python3,C|C++|C#|Java|JavaScript|Python3|Golang|Rust,C|C++|C#|Java|JavaScript|Python3|Golang|Rust,C|C#|JavaScript|Golang|Rust,,
1436,7,8,8,0,1,C++|C#|Java|JavaScript|Python3|Golang|Rust,C|C++|C#|Java|JavaScript|Python3|Golang|Rust,C|C++|C#|Java|JavaScript|Python3|Golang|Rust,C,,
1438,5,8,8,0,1,C|C++|Java|JavaScript|Python3,C|C++|C#|Java|JavaScript|Python3|Golang|Rust,C|C++|C#|Java|JavaScript|Python3|Golang|Rust,C#|Golang|Rust,,
1439,6,8,8,0,1,C|C++|C#|Java|JavaScript|Python3,C|C++|C#|Java|JavaScript|Python3|Golang|Rust,C|C++|C#|Java|JavaScript|Python3|Golang|Rust,Golang|Rust,,
1441,6,8,8,0,1,C|C++|C#|Java|JavaScript|Python3,C|C++|C#|Java|JavaScript|Python3|Golang|Rust,C|C++|C#|Java|JavaScript|Python3|Golang|Rust,Golang|Rust,,
1442,6,8,8,0,1,C|C++|C#|Java|JavaScript|Python3,C|C++|C#|Java|JavaScript|Python3|Golang|Rust,C|C++|C#|Java|JavaScript|Python3|Golang|Rust,Golang|Rust,,
1446,5,8,8,0,1,C++|C#|Java|JavaScript|Python3,C|C++|C#|Java|JavaScript|Python3|Golang|Rust,C|C++|C#|Java|JavaScript|Python3|Golang|Rust,C|Golang|Rust,,
1447,6,8,8,0,1,C|C++|C#|Java|JavaScript|Python3,C|C++|C#|Java|JavaScript|Python3|Golang|Rust,C|C++|C#|Java|JavaScript|Python3|Golang|Rust,Golang|Rust,,
1449,6,8,8,0,1,C|C++|C#|Java|JavaScript|Python3,C|C++|C#|Java|JavaScript|Python3|Golang|Rust,C|C++|C#|Java|JavaScript|Python3|Golang|Rust,Golang|Rust,,
1450,6,8,8,0,1,C|C++|C#|Java|JavaScript|Python3,C|C++|C#|Java|JavaScript|Python3|Golang|Rust,C|C++|C#|Java|JavaScript|Python3|Golang|Rust,Golang|Rust,,
1455,6,8,8,0,1,C|C++|C#|Java|JavaScript|Python3,C|C++|C#|Java|JavaScript|Python3|Golang|Rust,C|C++|C#|Java|JavaScript|Python3|Golang|Rust,Golang|Rust,,
1456,3,8,8,0,1,C++|Java|Python3,C|C++|C#|Java|JavaScript|Python3|Golang|Rust,C|C++|C#|Java|JavaScript|Python3|Golang|Rust,C|C#|JavaScript|Golang|Rust,,
1458,3,8,8,0,1,C++|Java|Python3,C|C++|C#|Java|JavaScript|Python3|Golang|Rust,C|C++|C#|Java|JavaScript|Python3|Golang|Rust,C|C#|JavaScript|Golang|Rust,,
1460,6,8,8,0,1,C|C++|C#|Java|JavaScript|Python3,C|C++|C#|Java|JavaScript|Python3|Golang|Rust,C|C++|C#|Java|JavaScript|Python3|Golang|Rust,Golang|Rust,,
1461,3,8,8,0,1,C++|Java|Python3,C|C++|C#|Java|JavaScript|Python3|Golang|Rust,C|C++|C#|Java|JavaScript|Python3|Golang|Rust,C|C#|JavaScript|Golang|Rust,,
1464,6,8,8,0,1,C|C++|C#|Java|JavaScript|Python3,C|C++|C#|Java|JavaScript|Python3|Golang|Rust,C|C++|C#|Java|JavaScript|Python3|Golang|Rust,Golang|Rust,,
1470,6,8,8,0,1,C|C++|C#|Java|JavaScript|Python3,C|C++|C#|Java|JavaScript|Python3|Golang|Rust,C|C++|C#|Java|JavaScript|Python3|Golang|Rust,Golang|Rust,,
1472,8,8,8,1,1,C|C++|C#|Java|JavaScript|Python3|Golang|Rust,C|C++|C#|Java|JavaScript|Python3|Golang|Rust,C|C++|C#|Java|JavaScript|Python3|Golang|Rust,,,
1473,6,8,8,0,1,C|C++|C#|Java|JavaScript|Python3,C|C++|C#|Java|JavaScript|Python3|Golang|Rust,C|C++|C#|Java|JavaScript|Python3|Golang|Rust,Golang|Rust,,
1475,6,8,8,0,1,C|C++|C#|Java|JavaScript|Python3,C|C++|C#|Java|JavaScript|Python3|Golang|Rust,C|C++|C#|Java|JavaScript|Python3|Golang|Rust,Golang|Rust,,
1480,6,8,8,0,1,C|C++|C#|Java|JavaScript|Python3,C|C++|C#|Java|JavaScript|Python3|Golang|Rust,C|C++|C#|Java|JavaScript|Python3|Golang|Rust,Golang|Rust,,
1481,3,8,8,0,1,C++|Java|Python3,C|C++|C#|Java|JavaScript|Python3|Golang|Rust,C|C++|C#|Java|JavaScript|Python3|Golang|Rust,C|C#|JavaScript|Golang|Rust,,
1482,6,8,8,0,1,C|C++|C#|Java|JavaScript|Python3,C|C++|C#|Java|JavaScript|Python3|Golang|Rust,C|C++|C#|Java|JavaScript|Python3|Golang|Rust,Golang|Rust,,
1486,6,8,8,0,1,C|C++|C#|Java|JavaScript|Python3,C|C++|C#|Java|JavaScript|Python3|Golang|Rust,C|C++|C#|Java|JavaScript|Python3|Golang|Rust,Golang|Rust,,
1487,6,8,8,0,1,C|C++|C#|Java|JavaScript|Python3,C|C++|C#|Java|JavaScript|Python3|Golang|Rust,C|C++|C#|Java|JavaScript|Python3|Golang|Rust,Golang|Rust,,
1488,4,7,7,0,0,C++|Java|Python3|Golang,C++|C#|Java|JavaScript|Python3|Golang|Rust,C++|C#|Java|JavaScript|Python3|Golang|Rust,C#|JavaScript|Rust,,C
1491,7,8,8,0,1,C|C++|Java|JavaScript|Python3|Golang|Rust,C|C++|C#|Java|JavaScript|Python3|Golang|Rust,C|C++|C#|Java|JavaScript|Python3|Golang|Rust,C#,,
1492,3,8,8,0,1,C++|Java|Python3,C|C++|C#|Java|JavaScript|Python3|Golang|Rust,C|C++|C#|Java|JavaScript|Python3|Golang|Rust,C|C#|JavaScript|Golang|Rust,,
1493,8,8,8,1,1,C|C++|C#|Java|JavaScript|Python3|Golang|Rust,C|C++|C#|Java|JavaScript|Python3|Golang|Rust,C|C++|C#|Java|JavaScript|Python3|Golang|Rust,,,
1497,3,8,8,0,1,C++|Java|Python3,C|C++|C#|Java|JavaScript|Python3|Golang|Rust,C|C++|C#|Java|JavaScript|Python3|Golang|Rust,C|C#|JavaScript|Golang|Rust,,
1498,7,8,8,0,1,C|C++|C#|Java|JavaScript|Python3|Golang,C|C++|C#|Java|JavaScript|Python3|Golang|Rust,C|C++|C#|Java|JavaScript|Python3|Golang|Rust,Rust,,
1499,7,8,8,0,1,C|C++|C#|Java|JavaScript|Python3|Golang,C|C++|C#|Java|JavaScript|Python3|Golang|Rust,C|C++|C#|Java|JavaScript|Python3|Golang|Rust,Rust,,
1502,1,8,8,0,1,Java,C|C++|C#|Java|JavaScript|Python3|Golang|Rust,C|C++|C#|Java|JavaScript|Python3|Golang|Rust,C|C++|C#|JavaScript|Python3|Golang|Rust,,
1507,2,8,8,0,1,C++|Java,C|C++|C#|Java|JavaScript|Python3|Golang|Rust,C|C++|C#|Java|JavaScript|Python3|Golang|Rust,C|C#|JavaScript|Python3|Golang|Rust,,
1508,2,8,8,0,1,Java|Python3,C|C++|C#|Java|JavaScript|Python3|Golang|Rust,C|C++|C#|Java|JavaScript|Python3|Golang|Rust,C|C++|C#|JavaScript|Golang|Rust,,
1509,3,8,8,0,1,C++|Java|Python3,C|C++|C#|Java|JavaScript|Python3|Golang|Rust,C|C++|C#|Java|JavaScript|Python3|Golang|Rust,C|C#|JavaScript|Golang|Rust,,
1510,4,8,8,0,1,C|C++|Java|Python3,C|C++|C#|Java|JavaScript|Python3|Golang|Rust,C|C++|C#|Java|JavaScript|Python3|Golang|Rust,C#|JavaScript|Golang|Rust,,
1512,2,8,8,0,1,Java|Python3,C|C++|C#|Java|JavaScript|Python3|Golang|Rust,C|C++|C#|Java|JavaScript|Python3|Golang|Rust,C|C++|C#|JavaScript|Golang|Rust,,
1513,2,8,8,0,1,Java|Python3,C|C++|C#|Java|JavaScript|Python3|Golang|Rust,C|C++|C#|Java|JavaScript|Python3|Golang|Rust,C|C++|C#|JavaScript|Golang|Rust,,
1520,3,8,8,0,1,C++|Java|Python3,C|C++|C#|Java|JavaScript|Python3|Golang|Rust,C|C++|C#|Java|JavaScript|Python3|Golang|Rust,C|C#|JavaScript|Golang|Rust,,
1523,2,8,8,0,1,Java|Python3,C|C++|C#|Java|JavaScript|Python3|Golang|Rust,C|C++|C#|Java|JavaScript|Python3|Golang|Rust,C|C++|C#|JavaScript|Golang|Rust,,
1524,2,8,8,0,1,Java|Python3,C|C++|C#|Java|JavaScript|Python3|Golang|Rust,C|C++|C#|Java|JavaScript|Python3|Golang|Rust,C|C++|C#|JavaScript|Golang|Rust,,
1525,3,8,8,0,1,C++|Java|Python3,C|C++|C#|Java|JavaScript|Python3|Golang|Rust,C|C++|C#|Java|JavaScript|Python3|Golang|Rust,C|C#|JavaScript|Golang|Rust,,
1526,4,8,8,0,1,C|C++|Java|Python3,C|C++|C#|Java|JavaScript|Python3|Golang|Rust,C|C++|C#|Java|JavaScript|Python3|Golang|Rust,C#|JavaScript|Golang|Rust,,
1529,4,8,8,0,1,C++|C#|Java|Python3,C|C++|C#|Java|JavaScript|Python3|Golang|Rust,C|C++|C#|Java|JavaScript|Python3|Golang|Rust,C|JavaScript|Golang|Rust,,
1531,4,8,8,0,1,C|C++|Java|Python3,C|C++|C#|Java|JavaScript|Python3|Golang|Rust,C|C++|C#|Java|JavaScript|Python3|Golang|Rust,C#|JavaScript|Golang|Rust,,
1534,7,8,8,0,1,C|C#|Java|JavaScript|Python3|Golang|Rust,C|C++|C#|Java|JavaScript|Python3|Golang|Rust,C|C++|C#|Java|JavaScript|Python3|Golang|Rust,C++,,
1535,7,8,8,0,1,C|C++|Java|JavaScript|Python3|Golang|Rust,C|C++|C#|Java|JavaScript|Python3|Golang|Rust,C|C++|C#|Java|JavaScript|Python3|Golang|Rust,C#,,
1539,5,8,8,0,1,C++|C#|Java|JavaScript|Python3,C|C++|C#|Java|JavaScript|Python3|Golang|Rust,C|C++|C#|Java|JavaScript|Python3|Golang|Rust,C|Golang|Rust,,
1540,2,8,8,0,1,Java|Python3,C|C++|C#|Java|JavaScript|Python3|Golang|Rust,C|C++|C#|Java|JavaScript|Python3|Golang|Rust,C|C++|C#|JavaScript|Golang|Rust,,
1541,4,8,8,0,1,C++|C#|Java|Python3,C|C++|C#|Java|JavaScript|Python3|Golang|Rust,C|C++|C#|Java|JavaScript|Python3|Golang|Rust,C|JavaScript|Golang|Rust,,
1542,7,8,8,0,1,C|C++|Java|JavaScript|Python3|Golang|Rust,C|C++|C#|Java|JavaScript|Python3|Golang|Rust,C|C++|C#|Java|JavaScript|Python3|Golang|Rust,C#,,
1544,4,8,8,0,1,C++|Java|JavaScript|Python3,C|C++|C#|Java|JavaScript|Python3|Golang|Rust,C|C++|C#|Java|JavaScript|Python3|Golang|Rust,C|C#|Golang|Rust,,
1545,3,8,8,0,1,Java|JavaScript|Python3,C|C++|C#|Java|JavaScript|Python3|Golang|Rust,C|C++|C#|Java|JavaScript|Python3|Golang|Rust,C|C++|C#|Golang|Rust,,
1546,3,7,7,0,0,C++|Java|Python3,C++|C#|Java|JavaScript|Python3|Golang|Rust,C++|C#|Java|JavaScript|Python3|Golang|Rust,C#|JavaScript|Golang|Rust,,C
1550,8,8,8,1,1,C|C++|C#|Java|JavaScript|Python3|Golang|Rust,C|C++|C#|Java|JavaScript|Python3|Golang|Rust,C|C++|C#|Java|JavaScript|Python3|Golang|Rust,,,
1551,4,8,8,0,1,C|C++|Java|Python3,C|C++|C#|Java|JavaScript|Python3|Golang|Rust,C|C++|C#|Java|JavaScript|Python3|Golang|Rust,C#|JavaScript|Golang|Rust,,
1553,7,8,8,0,1,C|C++|Java|JavaScript|Python3|Golang|Rust,C|C++|C#|Java|JavaScript|Python3|Golang|Rust,C|C++|C#|Java|JavaScript|Python3|Golang|Rust,C#,,
1556,3,8,8,0,1,Java|JavaScript|Python3,C|C++|C#|Java|JavaScript|Python3|Golang|Rust,C|C++|C#|Java|JavaScript|Python3|Golang|Rust,C|C++|C#|Golang|Rust,,
1561,7,8,8,0,1,C|C#|Java|JavaScript|Python3|Golang|Rust,C|C++|C#|Java|JavaScript|Python3|Golang|Rust,C|C++|C#|Java|JavaScript|Python3|Golang|Rust,C++,,
1562,3,8,8,0,1,C++|Java|Python3,C|C++|C#|Java|JavaScript|Python3|Golang|Rust,C|C++|C#|Java|JavaScript|Python3|Golang|Rust,C|C#|JavaScript|Golang|Rust,,
1563,3,8,8,0,1,C++|Java|Python3,C|C++|C#|Java|JavaScript|Python3|Golang|Rust,C|C++|C#|Java|JavaScript|Python3|Golang|Rust,C|C#|JavaScript|Golang|Rust,,
1566,3,8,8,0,1,Java|JavaScript|Python3,C|C++|C#|Java|JavaScript|Python3|Golang|Rust,C|C++|C#|Java|JavaScript|Python3|Golang|Rust,C|C++|C#|Golang|Rust,,
1567,3,8,8,0,1,C++|Java|Python3,C|C++|C#|Java|JavaScript|Python3|Golang|Rust,C|C++|C#|Java|JavaScript|Python3|Golang|Rust,C|C#|JavaScript|Golang|Rust,,
1573,3,8,8,0,1,C++|Java|Python3,C|C++|C#|Java|JavaScript|Python3|Golang|Rust,C|C++|C#|Java|JavaScript|Python3|Golang|Rust,C|C#|JavaScript|Golang|Rust,,
1574,6,8,8,0,1,C|C++|C#|Java|JavaScript|Python3,C|C++|C#|Java|JavaScript|Python3|Golang|Rust,C|C++|C#|Java|JavaScript|Python3|Golang|Rust,Golang|Rust,,
1575,4,8,8,0,1,C|C++|Java|Python3,C|C++|C#|Java|JavaScript|Python3|Golang|Rust,C|C++|C#|Java|JavaScript|Python3|Golang|Rust,C#|JavaScript|Golang|Rust,,
1576,6,8,8,0,1,C|C++|C#|Java|JavaScript|Python3,C|C++|C#|Java|JavaScript|Python3|Golang|Rust,C|C++|C#|Java|JavaScript|Python3|Golang|Rust,Golang|Rust,,
1577,3,8,8,0,1,C++|Java|Python3,C|C++|C#|Java|JavaScript|Python3|Golang|Rust,C|C++|C#|Java|JavaScript|Python3|Golang|Rust,C|C#|JavaScript|Golang|Rust,,
1583,6,8,8,0,1,C|C++|C#|Java|JavaScript|Python3,C|C++|C#|Java|JavaScript|Python3|Golang|Rust,C|C++|C#|Java|JavaScript|Python3|Golang|Rust,Golang|Rust,,
1585,3,8,8,0,1,C++|Java|Python3,C|C++|C#|Java|JavaScript|Python3|Golang|Rust,C|C++|C#|Java|JavaScript|Python3|Golang|Rust,C|C#|JavaScript|Golang|Rust,,
1588,6,8,8,0,1,C|C++|C#|Java|JavaScript|Python3,C|C++|C#|Java|JavaScript|Python3|Golang|Rust,C|C++|C#|Java|JavaScript|Python3|Golang|Rust,Golang|Rust,,
1589,2,8,8,0,1,Java|Python3,C|C++|C#|Java|JavaScript|Python3|Golang|Rust,C|C++|C#|Java|JavaScript|Python3|Golang|Rust,C|C++|C#|JavaScript|Golang|Rust,,
1590,6,8,8,0,1,C|C++|C#|Java|JavaScript|Python3,C|C++|C#|Java|JavaScript|Python3|Golang|Rust,C|C++|C#|Java|JavaScript|Python3|Golang|Rust,Golang|Rust,,
1592,6,8,8,0,1,C|C++|C#|Java|JavaScript|Python3,C|C++|C#|Java|JavaScript|Python3|Golang|Rust,C|C++|C#|Java|JavaScript|Python3|Golang|Rust,Golang|Rust,,
1593,2,8,8,0,1,Java|Python3,C|C++|C#|Java|JavaScript|Python3|Golang|Rust,C|C++|C#|Java|JavaScript|Python3|Golang|Rust,C|C++|C#|JavaScript|Golang|Rust,,
1600,5,8,8,0,1,C++|C#|Java|JavaScript|Python3,C|C++|C#|Java|JavaScript|Python3|Golang|Rust,C|C++|C#|Java|JavaScript|Python3|Golang|Rust,C|Golang|Rust,,
1603,4,8,8,0,1,C|C++|Java|JavaScript,C|C++|C#|Java|JavaScript|Python3|Golang|Rust,C|C++|C#|Java|JavaScript|Python3|Golang|Rust,C#|Python3|Golang|Rust,,
1604,6,8,8,0,1,C|C++|C#|Java|JavaScript|Python3,C|C++|C#|Java|JavaScript|Python3|Golang|Rust,C|C++|C#|Java|JavaScript|Python3|Golang|Rust,Golang|Rust,,
1605,6,8,8,0,1,C|C++|C#|Java|JavaScript|Python3,C|C++|C#|Java|JavaScript|Python3|Golang|Rust,C|C++|C#|Java|JavaScript|Python3|Golang|Rust,Golang|Rust,,
1608,6,8,8,0,1,C|C++|C#|Java|JavaScript|Python3,C|C++|C#|Java|JavaScript|Python3|Golang|Rust,C|C++|C#|Java|JavaScript|Python3|Golang|Rust,Golang|Rust,,
1611,3,8,8,0,1,C++|Java|Python3,C|C++|C#|Java|JavaScript|Python3|Golang|Rust,C|C++|C#|Java|JavaScript|Python3|Golang|Rust,C|C#|JavaScript|Golang|Rust,,
1614,6,8,8,0,1,C|C++|C#|Java|JavaScript|Python3,C|C++|C#|Java|JavaScript|Python3|Golang|Rust,C|C++|C#|Java|JavaScript|Python3|Golang|Rust,Golang|Rust,,
1616,6,8,8,0,1,C|C++|C#|Java|JavaScript|Python3,C|C++|C#|Java|JavaScript|Python3|Golang|Rust,C|C++|C#|Java|JavaScript|Python3|Golang|Rust,Golang|Rust,,
1619,6,8,8,0,1,C|C++|C#|Java|JavaScript|Python3,C|C++|C#|Java|JavaScript|Python3|Golang|Rust,C|C++|C#|Java|JavaScript|Python3|Golang|Rust,Golang|Rust,,
1622,3,7,7,0,0,C++|Java|Python3,C|C++|C#|Java|Python3|Golang|Rust,C|C++|C#|Java|Python3|Golang|Rust,C|C#|Golang|Rust,,JavaScript
1624,6,8,8,0,1,C|C++|C#|Java|JavaScript|Python3,C|C++|C#|Java|JavaScript|Python3|Golang|Rust,C|C++|C#|Java|JavaScript|Python3|Golang|Rust,Golang|Rust,,
1626,6,8,8,0,1,C|C++|C#|Java|JavaScript|Python3,C|C++|C#|Java|JavaScript|Python3|Golang|Rust,C|C++|C#|Java|JavaScript|Python3|Golang|Rust,Golang|Rust,,
1629,6,8,8,0,1,C|C++|C#|Java|JavaScript|Python3,C|C++|C#|Java|JavaScript|Python3|Golang|Rust,C|C++|C#|Java|JavaScript|Python3|Golang|Rust,Golang|Rust,,
1630,6,8,8,0,1,C|C++|C#|Java|JavaScript|Python3,C|C++|C#|Java|JavaScript|Python3|Golang|Rust,C|C++|C#|Java|JavaScript|Python3|Golang|Rust,Golang|Rust,,
1636,6,8,8,0,1,C|C++|C#|Java|JavaScript|Python3,C|C++|C#|Java|JavaScript|Python3|Golang|Rust,C|C++|C#|Java|JavaScript|Python3|Golang|Rust,Golang|Rust,,
1638,6,8,8,0,1,C|C++|C#|Java|JavaScript|Python3,C|C++|C#|Java|JavaScript|Python3|Golang|Rust,C|C++|C#|Java|JavaScript|Python3|Golang|Rust,Golang|Rust,,
1640,6,8,8,0,1,C|C++|C#|Java|JavaScript|Python3,C|C++|C#|Java|JavaScript|Python3|Golang|Rust,C|C++|C#|Java|JavaScript|Python3|Golang|Rust,Golang|Rust,,
1641,6,8,8,0,1,C|C++|C#|Java|JavaScript|Python3,C|C++|C#|Java|JavaScript|Python3|Golang|Rust,C|C++|C#|Java|JavaScript|Python3|Golang|Rust,Golang|Rust,,
1646,6,8,8,0,1,C|C++|C#|Java|JavaScript|Python3,C|C++|C#|Java|JavaScript|Python3|Golang|Rust,C|C++|C#|Java|JavaScript|Python3|Golang|Rust,Golang|Rust,,
1652,6,8,8,0,1,C|C++|C#|Java|JavaScript|Python3,C|C++|C#|Java|JavaScript|Python3|Golang|Rust,C|C++|C#|Java|JavaScript|Python3|Golang|Rust,Golang|Rust,,
1653,6,8,8,0,1,C|C++|C#|Java|JavaScript|Python3,C|C++|C#|Java|JavaScript|Python3|Golang|Rust,C|C++|C#|Java|JavaScript|Python3|Golang|Rust,Golang|Rust,,
1654,7,8,8,0,1,C|C++|C#|Java|JavaScript|Python3|Golang,C|C++|C#|Java|JavaScript|Python3|Golang|Rust,C|C++|C#|Java|JavaScript|Python3|Golang|Rust,Rust,,
1657,7,8,8,0,1,C|C++|C#|Java|JavaScript|Python3|Golang,C|C++|C#|Java|JavaScript|Python3|Golang|Rust,C|C++|C#|Java|JavaScript|Python3|Golang|Rust,Rust,,
1658,6,8,8,0,1,C|C++|C#|Java|JavaScript|Python3,C|C++|C#|Java|JavaScript|Python3|Golang|Rust,C|C++|C#|Java|JavaScript|Python3|Golang|Rust,Golang|Rust,,
1662,6,8,8,0,1,C|C++|C#|Java|JavaScript|Python3,C|C++|C#|Java|JavaScript|Python3|Golang|Rust,C|C++|C#|Java|JavaScript|Python3|Golang|Rust,Golang|Rust,,
1663,6,8,8,0,1,C|C++|C#|Java|JavaScript|Python3,C|C++|C#|Java|JavaScript|Python3|Golang|Rust,C|C++|C#|Java|JavaScript|Python3|Golang|Rust,Golang|Rust,,
1664,6,8,8,0,1,C|C++|C#|Java|JavaScript|Python3,C|C++|C#|Java|JavaScript|Python3|Golang|Rust,C|C++|C#|Java|JavaScript|Python3|Golang|Rust,Golang|Rust,,
1668,6,8,8,0,1,C|C++|C#|Java|JavaScript|Python3,C|C++|C#|Java|JavaScript|Python3|Golang|Rust,C|C++|C#|Java|JavaScript|Python3|Golang|Rust,Golang|Rust,,
1670,6,8,8,0,1,C|C++|Java|JavaScript|Python3|Golang,C|C++|C#|Java|JavaScript|Python3|Golang|Rust,C|C++|C#|Java|JavaScript|Python3|Golang|Rust,C#|Rust,,
1671,7,8,8,0,1,C|C++|C#|Java|JavaScript|Python3|Golang,C|C++|C#|Java|JavaScript|Python3|Golang|Rust,C|C++|C#|Java|JavaScript|Python3|Golang|Rust,Rust,,
1672,6,8,8,0,1,C|C++|C#|Java|JavaScript|Python3,C|C++|C#|Java|JavaScript|Python3|Golang|Rust,C|C++|C#|Java|JavaScript|Python3|Golang|Rust,Golang|Rust,,
1673,8,8,8,1,1,C|C++|C#|Java|JavaScript|Python3|Golang|Rust,C|C++|C#|Java|JavaScript|Python3|Golang|Rust,C|C++|C#|Java|JavaScript|Python3|Golang|Rust,,,
1678,6,8,8,0,1,C|C++|C#|Java|JavaScript|Python3,C|C++|C#|Java|JavaScript|Python3|Golang|Rust,C|C++|C#|Java|JavaScript|Python3|Golang|Rust,Golang|Rust,,
1681,6,8,8,0,1,C|C++|Java|JavaScript|Python3|Golang,C|C++|C#|Java|JavaScript|Python3|Golang|Rust,C|C++|C#|Java|JavaScript|Python3|Golang|Rust,C#|Rust,,
1684,6,8,8,0,1,C|C++|C#|Java|JavaScript|Python3,C|C++|C#|Java|JavaScript|Python3|Golang|Rust,C|C++|C#|Java|JavaScript|Python3|Golang|Rust,Golang|Rust,,
1686,8,8,8,1,1,C|C++|C#|Java|JavaScript|Python3|Golang|Rust,C|C++|C#|Java|JavaScript|Python3|Golang|Rust,C|C++|C#|Java|JavaScript|Python3|Golang|Rust,,,
1687,5,8,8,0,1,C|C++|Java|JavaScript|Python3,C|C++|C#|Java|JavaScript|Python3|Golang|Rust,C|C++|C#|Java|JavaScript|Python3|Golang|Rust,C#|Golang|Rust,,
1688,7,8,8,0,1,C|C++|C#|Java|JavaScript|Python3|Golang,C|C++|C#|Java|JavaScript|Python3|Golang|Rust,C|C++|C#|Java|JavaScript|Python3|Golang|Rust,Rust,,
1690,7,8,8,0,1,C|C++|C#|Java|JavaScript|Python3|Golang,C|C++|C#|Java|JavaScript|Python3|Golang|Rust,C|C++|C#|Java|JavaScript|Python3|Golang|Rust,Rust,,
1694,6,8,8,0,1,C|C++|C#|Java|JavaScript|Python3,C|C++|C#|Java|JavaScript|Python3|Golang|Rust,C|C++|C#|Java|JavaScript|Python3|Golang|Rust,Golang|Rust,,
1695,8,8,8,1,1,C|C++|C#|Java|JavaScript|Python3|Golang|Rust,C|C++|C#|Java|JavaScript|Python3|Golang|Rust,C|C++|C#|Java|JavaScript|Python3|Golang|Rust,,,
1696,6,8,8,0,1,C|C++|Java|JavaScript|Python3|Golang,C|C++|C#|Java|JavaScript|Python3|Golang|Rust,C|C++|C#|Java|JavaScript|Python3|Golang|Rust,C#|Rust,,
1700,6,8,8,0,1,C|C++|C#|Java|JavaScript|Python3,C|C++|C#|Java|JavaScript|Python3|Golang|Rust,C|C++|C#|Java|JavaScript|Python3|Golang|Rust,Golang|Rust,,
1702,8,8,8,1,1,C|C++|C#|Java|JavaScript|Python3|Golang|Rust,C|C++|C#|Java|JavaScript|Python3|Golang|Rust,C|C++|C#|Java|JavaScript|Python3|Golang|Rust,,,
1703,6,8,8,0,1,C|C++|C#|Java|JavaScript|Python3,C|C++|C#|Java|JavaScript|Python3|Golang|Rust,C|C++|C#|Java|JavaScript|Python3|Golang|Rust,Golang|Rust,,
1704,6,8,8,0,1,C|C++|C#|Java|JavaScript|Python3,C|C++|C#|Java|JavaScript|Python3|Golang|Rust,C|C++|C#|Java|JavaScript|Python3|Golang|Rust,Golang|Rust,,
1705,8,8,8,1,1,C|C++|C#|Java|JavaScript|Python3|Golang|Rust,C|C++|C#|Java|JavaScript|Python3|Golang|Rust,C|C++|C#|Java|JavaScript|Python3|Golang|Rust,,,
1707,5,8,8,0,1,C|C++|C#|Java|Python3,C|C++|C#|Java|JavaScript|Python3|Golang|Rust,C|C++|C#|Java|JavaScript|Python3|Golang|Rust,JavaScript|Golang|Rust,,
1710,6,8,8,0,1,C|C++|C#|Java|JavaScript|Python3,C|C++|C#|Java|JavaScript|Python3|Golang|Rust,C|C++|C#|Java|JavaScript|Python3|Golang|Rust,Golang|Rust,,
1711,5,8,8,0,1,C|C++|C#|Java|JavaScript,C|C++|C#|Java|JavaScript|Python3|Golang|Rust,C|C++|C#|Java|JavaScript|Python3|Golang|Rust,Python3|Golang|Rust,,
1713,5,8,8,0,1,C|C++|C#|Java|JavaScript,C|C++|C#|Java|JavaScript|Python3|Golang|Rust,C|C++|C#|Java|JavaScript|Python3|Golang|Rust,Python3|Golang|Rust,,
1716,6,8,8,0,1,C|C++|C#|Java|JavaScript|Python3,C|C++|C#|Java|JavaScript|Python3|Golang|Rust,C|C++|C#|Java|JavaScript|Python3|Golang|Rust,Golang|Rust,,
1717,8,8,8,1,1,C|C++|C#|Java|JavaScript|Python3|Golang|Rust,C|C++|C#|Java|JavaScript|Python3|Golang|Rust,C|C++|C#|Java|JavaScript|Python3|Golang|Rust,,,
1720,6,8,8,0,1,C|C++|C#|Java|JavaScript|Python3,C|C++|C#|Java|JavaScript|Python3|Golang|Rust,C|C++|C#|Java|JavaScript|Python3|Golang|Rust,Golang|Rust,,
1723,5,8,8,0,1,C|C++|C#|Java|JavaScript,C|C++|C#|Java|JavaScript|Python3|Golang|Rust,C|C++|C#|Java|JavaScript|Python3|Golang|Rust,Python3|Golang|Rust,,
1725,6,8,8,0,1,C|C++|C#|Java|JavaScript|Python3,C|C++|C#|Java|JavaScript|Python3|Golang|Rust,C|C++|C#|Java|JavaScript|Python3|Golang|Rust,Golang|Rust,,
1726,7,8,8,0,1,C|C++|C#|Java|JavaScript|Python3|Golang,C|C++|C#|Java|JavaScript|Python3|Golang|Rust,C|C++|C#|Java|JavaScript|Python3|Golang|Rust,Rust,,
1732,6,8,8,0,1,C|C++|C#|Java|JavaScript|Python3,C|C++|C#|Java|JavaScript|Python3|Golang|Rust,C|C++|C#|Java|JavaScript|Python3|Golang|Rust,Golang|Rust,,
1733,8,8,8,1,1,C|C++|C#|Java|JavaScript|Python3|Golang|Rust,C|C++|C#|Java|JavaScript|Python3|Golang|Rust,C|C++|C#|Java|JavaScript|Python3|Golang|Rust,,,
1734,6,8,8,0,1,C|C++|C#|Java|JavaScript|Python3,C|C++|C#|Java|JavaScript|Python3|Golang|Rust,C|C++|C#|Java|JavaScript|Python3|Golang|Rust,Golang|Rust,,
1735,7,8,8,0,1,C|C++|Java|JavaScript|Python3|Golang|Rust,C|C++|C#|Java|JavaScript|Python3|Golang|Rust,C|C++|C#|Java|JavaScript|Python3|Golang|Rust,C#,,
1736,5,8,8,0,1,C|C++|C#|Java|JavaScript,C|C++|C#|Java|JavaScript|Python3|Golang|Rust,C|C++|C#|Java|JavaScript|Python3|Golang|Rust,Python3|Golang|Rust,,
1738,6,8,8,0,1,C|C++|C#|Java|JavaScript|Python3,C|C++|C#|Java|JavaScript|Python3|Golang|Rust,C|C++|C#|Java|JavaScript|Python3|Golang|Rust,Golang|Rust,,
1742,6,8,8,0,1,C|C++|C#|Java|JavaScript|Python3,C|C++|C#|Java|JavaScript|Python3|Golang|Rust,C|C++|C#|Java|JavaScript|Python3|Golang|Rust,Golang|Rust,,
1743,5,8,8,0,1,C|C++|C#|Java|JavaScript,C|C++|C#|Java|JavaScript|Python3|Golang|Rust,C|C++|C#|Java|JavaScript|Python3|Golang|Rust,Python3|Golang|Rust,,
1744,6,8,8,0,1,C|C++|C#|Java|JavaScript|Python3,C|C++|C#|Java|JavaScript|Python3|Golang|Rust,C|C++|C#|Java|JavaScript|Python3|Golang|Rust,Golang|Rust,,
1745,8,8,8,1,1,C|C++|C#|Java|JavaScript|Python3|Golang|Rust,C|C++|C#|Java|JavaScript|Python3|Golang|Rust,C|C++|C#|Java|JavaScript|Python3|Golang|Rust,,,
1748,6,8,8,0,1,C|C++|C#|Java|JavaScript|Python3,C|C++|C#|Java|JavaScript|Python3|Golang|Rust,C|C++|C#|Java|JavaScript|Python3|Golang|Rust,Golang|Rust,,
1749,7,8,8,0,1,C|C++|C#|Java|JavaScript|Python3|Golang,C|C++|C#|Java|JavaScript|Python3|Golang|Rust,C|C++|C#|Java|JavaScript|Python3|Golang|Rust,Rust,,
1750,6,8,8,0,1,C|C++|C#|Java|JavaScript|Python3,C|C++|C#|Java|JavaScript|Python3|Golang|Rust,C|C++|C#|Java|JavaScript|Python3|Golang|Rust,Golang|Rust,,
1752,6,8,8,0,1,C|C++|C#|Java|JavaScript|Python3,C|C++|C#|Java|JavaScript|Python3|Golang|Rust,C|C++|C#|Java|JavaScript|Python3|Golang|Rust,Golang|Rust,,
1753,6,8,8,0,1,C|C++|C#|Java|JavaScript|Python3,C|C++|C#|Java|JavaScript|Python3|Golang|Rust,C|C++|C#|Java|JavaScript|Python3|Golang|Rust,Golang|Rust,,
1754,6,8,8,0,1,C|C++|C#|Java|JavaScript|Python3,C|C++|C#|Java|JavaScript|Python3|Golang|Rust,C|C++|C#|Java|JavaScript|Python3|Golang|Rust,Golang|Rust,,
1758,6,8,8,0,1,C|C++|C#|Java|JavaScript|Python3,C|C++|C#|Java|JavaScript|Python3|Golang|Rust,C|C++|C#|Java|JavaScript|Python3|Golang|Rust,Golang|Rust,,
1759,6,8,8,0,1,C|C++|C#|Java|JavaScript|Python3,C|C++|C#|Java|JavaScript|Python3|Golang|Rust,C|C++|C#|Java|JavaScript|Python3|Golang|Rust,Golang|Rust,,
1760,6,8,8,0,1,C|C++|C#|Java|JavaScript|Python3,C|C++|C#|Java|JavaScript|Python3|Golang|Rust,C|C++|C#|Java|JavaScript|Python3|Golang|Rust,Golang|Rust,,
1763,6,8,8,0,1,C|C++|C#|Java|JavaScript|Python3,C|C++|C#|Java|JavaScript|Python3|Golang|Rust,C|C++|C#|Java|JavaScript|Python3|Golang|Rust,Golang|Rust,,
1764,6,8,8,0,1,C|C++|C#|Java|JavaScript|Python3,C|C++|C#|Java|JavaScript|Python3|Golang|Rust,C|C++|C#|Java|JavaScript|Python3|Golang|Rust,Golang|Rust,,
1768,5,8,8,0,1,C++|C#|Java|JavaScript|Python3,C|C++|C#|Java|JavaScript|Python3|Golang|Rust,C|C++|C#|Java|JavaScript|Python3|Golang|Rust,C|Golang|Rust,,
1769,6,8,8,0,1,C|C++|C#|Java|JavaScript|Python3,C|C++|C#|Java|JavaScript|Python3|Golang|Rust,C|C++|C#|Java|JavaScript|Python3|Golang|Rust,Golang|Rust,,
1773,6,8,8,0,1,C|C++|C#|Java|JavaScript|Python3,C|C++|C#|Java|JavaScript|Python3|Golang|Rust,C|C++|C#|Java|JavaScript|Python3|Golang|Rust,Golang|Rust,,
1774,6,8,8,0,1,C|C++|C#|Java|JavaScript|Python3,C|C++|C#|Java|JavaScript|Python3|Golang|Rust,C|C++|C#|Java|JavaScript|Python3|Golang|Rust,Golang|Rust,,
1775,6,8,8,0,1,C|C++|C#|Java|JavaScript|Python3,C|C++|C#|Java|JavaScript|Python3|Golang|Rust,C|C++|C#|Java|JavaScript|Python3|Golang|Rust,Golang|Rust,,
1779,6,8,8,0,1,C|C++|C#|Java|JavaScript|Python3,C|C++|C#|Java|JavaScript|Python3|Golang|Rust,C|C++|C#|Java|JavaScript|Python3|Golang|Rust,Golang|Rust,,
1780,6,8,8,0,1,C|C++|C#|Java|JavaScript|Python3,C|C++|C#|Java|JavaScript|Python3|Golang|Rust,C|C++|C#|Java|JavaScript|Python3|Golang|Rust,Golang|Rust,,
1781,6,8,8,0,1,C|C++|C#|Java|JavaScript|Python3,C|C++|C#|Java|JavaScript|Python3|Golang|Rust,C|C++|C#|Java|JavaScript|Python3|Golang|Rust,Golang|Rust,,
1784,6,8,8,0,1,C|C++|C#|Java|JavaScript|Python3,C|C++|C#|Java|JavaScript|Python3|Golang|Rust,C|C++|C#|Java|JavaScript|Python3|Golang|Rust,Golang|Rust,,
1785,6,8,8,0,1,C|C++|C#|Java|JavaScript|Python3,C|C++|C#|Java|JavaScript|Python3|Golang|Rust,C|C++|C#|Java|JavaScript|Python3|Golang|Rust,Golang|Rust,,
1787,6,8,8,0,1,C|C++|C#|Java|JavaScript|Python3,C|C++|C#|Java|JavaScript|Python3|Golang|Rust,C|C++|C#|Java|JavaScript|Python3|Golang|Rust,Golang|Rust,,
1790,6,8,8,0,1,C|C++|C#|Java|JavaScript|Python3,C|C++|C#|Java|JavaScript|Python3|Golang|Rust,C|C++|C#|Java|JavaScript|Python3|Golang|Rust,Golang|Rust,,
1792,8,8,8,1,1,C|C++|C#|Java|JavaScript|Python3|Golang|Rust,C|C++|C#|Java|JavaScript|Python3|Golang|Rust,C|C++|C#|Java|JavaScript|Python3|Golang|Rust,,,
1793,8,8,8,1,1,C|C++|C#|Java|JavaScript|Python3|Golang|Rust,C|C++|C#|Java|JavaScript|Python3|Golang|Rust,C|C++|C#|Java|JavaScript|Python3|Golang|Rust,,,
1796,6,8,8,0,1,C|C++|C#|Java|JavaScript|Python3,C|C++|C#|Java|JavaScript|Python3|Golang|Rust,C|C++|C#|Java|JavaScript|Python3|Golang|Rust,Golang|Rust,,
1798,5,8,8,0,1,C|C++|C#|Java|JavaScript,C|C++|C#|Java|JavaScript|Python3|Golang|Rust,C|C++|C#|Java|JavaScript|Python3|Golang|Rust,Python3|Golang|Rust,,
1799,5,8,8,0,1,C|C++|C#|Java|JavaScript,C|C++|C#|Java|JavaScript|Python3|Golang|Rust,C|C++|C#|Java|JavaScript|Python3|Golang|Rust,Python3|Golang|Rust,,
1800,6,8,8,0,1,C|C++|C#|Java|JavaScript|Python3,C|C++|C#|Java|JavaScript|Python3|Golang|Rust,C|C++|C#|Java|JavaScript|Python3|Golang|Rust,Golang|Rust,,
1802,6,8,8,0,1,C|C++|C#|Java|JavaScript|Python3,C|C++|C#|Java|JavaScript|Python3|Golang|Rust,C|C++|C#|Java|JavaScript|Python3|Golang|Rust,Golang|Rust,,
1803,6,8,8,0,1,C|C++|C#|Java|JavaScript|Python3,C|C++|C#|Java|JavaScript|Python3|Golang|Rust,C|C++|C#|Java|JavaScript|Python3|Golang|Rust,Golang|Rust,,
1805,6,8,8,0,1,C|C++|C#|Java|JavaScript|Python3,C|C++|C#|Java|JavaScript|Python3|Golang|Rust,C|C++|C#|Java|JavaScript|Python3|Golang|Rust,Golang|Rust,,
1806,6,8,8,0,1,C|C++|C#|Java|JavaScript|Python3,C|C++|C#|Java|JavaScript|Python3|Golang|Rust,C|C++|C#|Java|JavaScript|Python3|Golang|Rust,Golang|Rust,,
1807,6,8,8,0,1,C|C++|C#|Java|JavaScript|Python3,C|C++|C#|Java|JavaScript|Python3|Golang|Rust,C|C++|C#|Java|JavaScript|Python3|Golang|Rust,Golang|Rust,,
1813,6,8,8,0,1,C|C++|C#|Java|JavaScript|Python3,C|C++|C#|Java|JavaScript|Python3|Golang|Rust,C|C++|C#|Java|JavaScript|Python3|Golang|Rust,Golang|Rust,,
1814,6,8,8,0,1,C|C++|C#|Java|JavaScript|Python3,C|C++|C#|Java|JavaScript|Python3|Golang|Rust,C|C++|C#|Java|JavaScript|Python3|Golang|Rust,Golang|Rust,,
1815,5,8,8,0,1,C|C++|C#|Java|Python3,C|C++|C#|Java|JavaScript|Python3|Golang|Rust,C|C++|C#|Java|JavaScript|Python3|Golang|Rust,JavaScript|Golang|Rust,,
1816,7,8,8,0,1,C|C++|C#|Java|JavaScript|Python3|Golang,C|C++|C#|Java|JavaScript|Python3|Golang|Rust,C|C++|C#|Java|JavaScript|Python3|Golang|Rust,Rust,,
1817,6,8,8,0,1,C|C++|C#|Java|JavaScript|Python3,C|C++|C#|Java|JavaScript|Python3|Golang|Rust,C|C++|C#|Java|JavaScript|Python3|Golang|Rust,Golang|Rust,,
1818,5,8,8,0,1,C|C++|C#|Java|JavaScript,C|C++|C#|Java|JavaScript|Python3|Golang|Rust,C|C++|C#|Java|JavaScript|Python3|Golang|Rust,Python3|Golang|Rust,,
1822,6,8,8,0,1,C|C++|C#|Java|JavaScript|Python3,C|C++|C#|Java|JavaScript|Python3|Golang|Rust,C|C++|C#|Java|JavaScript|Python3|Golang|Rust,Golang|Rust,,
1825,2,6,6,0,0,C++|Java,C++|C#|Java|Python3|Golang|Rust,C++|C#|Java|Python3|Golang|Rust,C#|Python3|Golang|Rust,,C|JavaScript
1827,6,8,8,0,1,C|C++|C#|Java|JavaScript|Python3,C|C++|C#|Java|JavaScript|Python3|Golang|Rust,C|C++|C#|Java|JavaScript|Python3|Golang|Rust,Golang|Rust,,
1829,2,8,8,0,1,C++|Python3,C|C++|C#|Java|JavaScript|Python3|Golang|Rust,C|C++|C#|Java|JavaScript|Python3|Golang|Rust,C|C#|Java|JavaScript|Golang|Rust,,
1830,2,8,8,0,1,C++|Python3,C|C++|C#|Java|JavaScript|Python3|Golang|Rust,C|C++|C#|Java|JavaScript|Python3|Golang|Rust,C|C#|Java|JavaScript|Golang|Rust,,
1832,6,8,8,0,1,C|C++|C#|Java|JavaScript|Python3,C|C++|C#|Java|JavaScript|Python3|Golang|Rust,C|C++|C#|Java|JavaScript|Python3|Golang|Rust,Golang|Rust,,
1833,5,8,8,0,1,C|C++|C#|Java|JavaScript,C|C++|C#|Java|JavaScript|Python3|Golang|Rust,C|C++|C#|Java|JavaScript|Python3|Golang|Rust,Python3|Golang|Rust,,
1834,2,8,8,0,1,C++|Python3,C|C++|C#|Java|JavaScript|Python3|Golang|Rust,C|C++|C#|Java|JavaScript|Python3|Golang|Rust,C|C#|Java|JavaScript|Golang|Rust,,
1835,2,8,8,0,1,C++|Python3,C|C++|C#|Java|JavaScript|Python3|Golang|Rust,C|C++|C#|Java|JavaScript|Python3|Golang|Rust,C|C#|Java|JavaScript|Golang|Rust,,
1837,2,8,8,0,1,C++|Python3,C|C++|C#|Java|JavaScript|Python3|Golang|Rust,C|C++|C#|Java|JavaScript|Python3|Golang|Rust,C|C#|Java|JavaScript|Golang|Rust,,
1838,6,8,8,0,1,C|C++|C#|Java|JavaScript|Python3,C|C++|C#|Java|JavaScript|Python3|Golang|Rust,C|C++|C#|Java|JavaScript|Python3|Golang|Rust,Golang|Rust,,
1839,2,8,8,0,1,C++|Python3,C|C++|C#|Java|JavaScript|Python3|Golang|Rust,C|C++|C#|Java|JavaScript|Python3|Golang|Rust,C|C#|Java|JavaScript|Golang|Rust,,
1844,2,8,8,0,1,C++|Python3,C|C++|C#|Java|JavaScript|Python3|Golang|Rust,C|C++|C#|Java|JavaScript|Python3|Golang|Rust,C|C#|Java|JavaScript|Golang|Rust,,
1845,7,8,8,0,1,C|C++|Java|JavaScript|Python3|Golang|Rust,C|C++|C#|Java|JavaScript|Python3|Golang|Rust,C|C++|C#|Java|JavaScript|Python3|Golang|Rust,C#,,
1846,5,8,8,0,1,C|C++|C#|Java|JavaScript,C|C++|C#|Java|JavaScript|Python3|Golang|Rust,C|C++|C#|Java|JavaScript|Python3|Golang|Rust,Python3|Golang|Rust,,
1847,5,7,7,0,0,C++|C#|Java|Python3|Rust,C++|C#|Java|JavaScript|Python3|Golang|Rust,C++|C#|Java|JavaScript|Python3|Golang|Rust,JavaScript|Golang,,C
1848,2,8,8,0,1,C++|Python3,C|C++|C#|Java|JavaScript|Python3|Golang|Rust,C|C++|C#|Java|JavaScript|Python3|Golang|Rust,C|C#|Java|JavaScript|Golang|Rust,,
1849,2,8,8,0,1,C++|Python3,C|C++|C#|Java|JavaScript|Python3|Golang|Rust,C|C++|C#|Java|JavaScript|Python3|Golang|Rust,C|C#|Java|JavaScript|Golang|Rust,,
1850,2,8,8,0,1,C++|Python3,C|C++|C#|Java|JavaScript|Python3|Golang|Rust,C|C++|C#|Java|JavaScript|Python3|Golang|Rust,C|C#|Java|JavaScript|Golang|Rust,,
1851,5,8,8,0,1,C++|C#|Java|Python3|Golang,C|C++|C#|Java|JavaScript|Python3|Golang|Rust,C|C++|C#|Java|JavaScript|Python3|Golang|Rust,C|JavaScript|Rust,,
1854,2,8,8,0,1,C++|Python3,C|C++|C#|Java|JavaScript|Python3|Golang|Rust,C|C++|C#|Java|JavaScript|Python3|Golang|Rust,C|C#|Java|JavaScript|Golang|Rust,,
1855,2,8,8,0,1,C++|Python3,C|C++|C#|Java|JavaScript|Python3|Golang|Rust,C|C++|C#|Java|JavaScript|Python3|Golang|Rust,C|C#|Java|JavaScript|Golang|Rust,,
1856,2,8,8,0,1,C++|Python3,C|C++|C#|Java|JavaScript|Python3|Golang|Rust,C|C++|C#|Java|JavaScript|Python3|Golang|Rust,C|C#|Java|JavaScript|Golang|Rust,,
1859,2,8,8,0,1,C++|Python3,C|C++|C#|Java|JavaScript|Python3|Golang|Rust,C|C++|C#|Java|JavaScript|Python3|Golang|Rust,C|C#|Java|JavaScript|Golang|Rust,,
1860,2,8,8,0,1,C++|Python3,C|C++|C#|Java|JavaScript|Python3|Golang|Rust,C|C++|C#|Java|JavaScript|Python3|Golang|Rust,C|C#|Java|JavaScript|Golang|Rust,,
1862,2,8,8,0,1,C++|Python3,C|C++|C#|Java|JavaScript|Python3|Golang|Rust,C|C++|C#|Java|JavaScript|Python3|Golang|Rust,C|C#|Java|JavaScript|Golang|Rust,,
1863,8,8,8,1,1,C|C++|C#|Java|JavaScript|Python3|Golang|Rust,C|C++|C#|Java|JavaScript|Python3|Golang|Rust,C|C++|C#|Java|JavaScript|Python3|Golang|Rust,,,
1864,2,8,8,0,1,C++|Python3,C|C++|C#|Java|JavaScript|Python3|Golang|Rust,C|C++|C#|Java|JavaScript|Python3|Golang|Rust,C|C#|Java|JavaScript|Golang|Rust,,
1865,8,8,8,1,1,C|C++|C#|Java|JavaScript|Python3|Golang|Rust,C|C++|C#|Java|JavaScript|Python3|Golang|Rust,C|C++|C#|Java|JavaScript|Python3|Golang|Rust,,,
1866,2,8,8,0,1,C++|Python3,C|C++|C#|Java|JavaScript|Python3|Golang|Rust,C|C++|C#|Java|JavaScript|Python3|Golang|Rust,C|C#|Java|JavaScript|Golang|Rust,,
1869,2,8,8,0,1,C++|Python3,C|C++|C#|Java|JavaScript|Python3|Golang|Rust,C|C++|C#|Java|JavaScript|Python3|Golang|Rust,C|C#|Java|JavaScript|Golang|Rust,,
1870,8,8,8,1,1,C|C++|C#|Java|JavaScript|Python3|Golang|Rust,C|C++|C#|Java|JavaScript|Python3|Golang|Rust,C|C++|C#|Java|JavaScript|Python3|Golang|Rust,,,
1871,2,8,8,0,1,C++|Python3,C|C++|C#|Java|JavaScript|Python3|Golang|Rust,C|C++|C#|Java|JavaScript|Python3|Golang|Rust,C|C#|Java|JavaScript|Golang|Rust,,
1872,2,8,8,0,1,C++|Python3,C|C++|C#|Java|JavaScript|Python3|Golang|Rust,C|C++|C#|Java|JavaScript|Python3|Golang|Rust,C|C#|Java|JavaScript|Golang|Rust,,
1876,2,8,8,0,1,C++|Python3,C|C++|C#|Java|JavaScript|Python3|Golang|Rust,C|C++|C#|Java|JavaScript|Python3|Golang|Rust,C|C#|Java|JavaScript|Golang|Rust,,
1877,6,8,8,0,1,C|C++|C#|Java|JavaScript|Python3,C|C++|C#|Java|JavaScript|Python3|Golang|Rust,C|C++|C#|Java|JavaScript|Python3|Golang|Rust,Golang|Rust,,
1879,2,8,8,0,1,C++|Python3,C|C++|C#|Java|JavaScript|Python3|Golang|Rust,C|C++|C#|Java|JavaScript|Python3|Golang|Rust,C|C#|Java|JavaScript|Golang|Rust,,
1880,2,8,8,0,1,C++|Python3,C|C++|C#|Java|JavaScript|Python3|Golang|Rust,C|C++|C#|Java|JavaScript|Python3|Golang|Rust,C|C#|Java|JavaScript|Golang|Rust,,
1881,2,8,8,0,1,C++|Python3,C|C++|C#|Java|JavaScript|Python3|Golang|Rust,C|C++|C#|Java|JavaScript|Python3|Golang|Rust,C|C#|Java|JavaScript|Golang|Rust,,
1882,2,8,8,0,1,C++|Python3,C|C++|C#|Java|JavaScript|Python3|Golang|Rust,C|C++|C#|Java|JavaScript|Python3|Golang|Rust,C|C#|Java|JavaScript|Golang|Rust,,
1883,8,8,8,1,1,C|C++|C#|Java|JavaScript|Python3|Golang|Rust,C|C++|C#|Java|JavaScript|Python3|Golang|Rust,C|C++|C#|Java|JavaScript|Python3|Golang|Rust,,,
1884,8,8,8,1,1,C|C++|C#|Java|JavaScript|Python3|Golang|Rust,C|C++|C#|Java|JavaScript|Python3|Golang|Rust,C|C++|C#|Java|JavaScript|Python3|Golang|Rust,,,
1887,2,8,8,0,1,C++|Python3,C|C++|C#|Java|JavaScript|Python3|Golang|Rust,C|C++|C#|Java|JavaScript|Python3|Golang|Rust,C|C#|Java|JavaScript|Golang|Rust,,
1888,2,8,8,0,1,C++|Python3,C|C++|C#|Java|JavaScript|Python3|Golang|Rust,C|C++|C#|Java|JavaScript|Python3|Golang|Rust,C|C#|Java|JavaScript|Golang|Rust,,
1889,2,8,8,0,1,C++|Python3,C|C++|C#|Java|JavaScript|Python3|Golang|Rust,C|C++|C#|Java|JavaScript|Python3|Golang|Rust,C|C#|Java|JavaScript|Golang|Rust,,
1893,6,8,8,0,1,C|C++|C#|Java|JavaScript|Python3,C|C++|C#|Java|JavaScript|Python3|Golang|Rust,C|C++|C#|Java|JavaScript|Python3|Golang|Rust,Golang|Rust,,
1894,5,8,8,0,1,C++|C#|Java|JavaScript|Python3,C|C++|C#|Java|JavaScript|Python3|Golang|Rust,C|C++|C#|Java|JavaScript|Python3|Golang|Rust,C|Golang|Rust,,
1896,2,6,6,0,0,C++|Python3,C++|C#|JavaScript|Python3|Golang|Rust,C++|C#|JavaScript|Python3|Golang|Rust,C#|JavaScript|Golang|Rust,,C|Java
1897,2,8,8,0,1,C++|Python3,C|C++|C#|Java|JavaScript|Python3|Golang|Rust,C|C++|C#|Java|JavaScript|Python3|Golang|Rust,C|C#|Java|JavaScript|Golang|Rust,,
1898,2,8,8,0,1,C++|Python3,C|C++|C#|Java|JavaScript|Python3|Golang|Rust,C|C++|C#|Java|JavaScript|Python3|Golang|Rust,C|C#|Java|JavaScript|Golang|Rust,,
1899,2,8,8,0,1,C++|Python3,C|C++|C#|Java|JavaScript|Python3|Golang|Rust,C|C++|C#|Java|JavaScript|Python3|Golang|Rust,C|C#|Java|JavaScript|Golang|Rust,,
1900,8,8,8,1,1,C|C++|C#|Java|JavaScript|Python3|Golang|Rust,C|C++|C#|Java|JavaScript|Python3|Golang|Rust,C|C++|C#|Java|JavaScript|Python3|Golang|Rust,,,
1903,2,8,8,0,1,C++|Python3,C|C++|C#|Java|JavaScript|Python3|Golang|Rust,C|C++|C#|Java|JavaScript|Python3|Golang|Rust,C|C#|Java|JavaScript|Golang|Rust,,
1904,2,8,8,0,1,C++|Python3,C|C++|C#|Java|JavaScript|Python3|Golang|Rust,C|C++|C#|Java|JavaScript|Python3|Golang|Rust,C|C#|Java|JavaScript|Golang|Rust,,
1906,2,8,8,0,1,C++|Python3,C|C++|C#|Java|JavaScript|Python3|Golang|Rust,C|C++|C#|Java|JavaScript|Python3|Golang|Rust,C|C#|Java|JavaScript|Golang|Rust,,
1909,2,8,8,0,1,C++|Python3,C|C++|C#|Java|JavaScript|Python3|Golang|Rust,C|C++|C#|Java|JavaScript|Python3|Golang|Rust,C|C#|Java|JavaScript|Golang|Rust,,
1910,2,8,8,0,1,C++|Python3,C|C++|C#|Java|JavaScript|Python3|Golang|Rust,C|C++|C#|Java|JavaScript|Python3|Golang|Rust,C|C#|Java|JavaScript|Golang|Rust,,
1911,7,8,8,0,1,C|C++|C#|Java|JavaScript|Python3|Golang,C|C++|C#|Java|JavaScript|Python3|Golang|Rust,C|C++|C#|Java|JavaScript|Python3|Golang|Rust,Rust,,
1912,5,7,7,0,0,C++|C#|Java|Python3|Rust,C++|C#|Java|JavaScript|Python3|Golang|Rust,C++|C#|Java|JavaScript|Python3|Golang|Rust,JavaScript|Golang,,C
1913,2,8,8,0,1,C++|Python3,C|C++|C#|Java|JavaScript|Python3|Golang|Rust,C|C++|C#|Java|JavaScript|Python3|Golang|Rust,C|C#|Java|JavaScript|Golang|Rust,,
1915,2,8,8,0,1,C++|Python3,C|C++|C#|Java|JavaScript|Python3|Golang|Rust,C|C++|C#|Java|JavaScript|Python3|Golang|Rust,C|C#|Java|JavaScript|Golang|Rust,,
1920,8,8,8,1,1,C|C++|C#|Java|JavaScript|Python3|Golang|Rust,C|C++|C#|Java|JavaScript|Python3|Golang|Rust,C|C++|C#|Java|JavaScript|Python3|Golang|Rust,,,
1921,7,8,8,0,1,C|C++|C#|Java|JavaScript|Python3|Golang,C|C++|C#|Java|JavaScript|Python3|Golang|Rust,C|C++|C#|Java|JavaScript|Python3|Golang|Rust,Rust,,
1922,8,8,8,1,1,C|C++|C#|Java|JavaScript|Python3|Golang|Rust,C|C++|C#|Java|JavaScript|Python3|Golang|Rust,C|C++|C#|Java|JavaScript|Python3|Golang|Rust,,,
1923,2,8,8,0,1,C++|Python3,C|C++|C#|Java|JavaScript|Python3|Golang|Rust,C|C++|C#|Java|JavaScript|Python3|Golang|Rust,C|C#|Java|JavaScript|Golang|Rust,,
1925,2,8,8,0,1,C++|Python3,C|C++|C#|Java|JavaScript|Python3|Golang|Rust,C|C++|C#|Java|JavaScript|Python3|Golang|Rust,C|C#|Java|JavaScript|Golang|Rust,,
1927,2,8,8,0,1,C++|Python3,C|C++|C#|Java|JavaScript|Python3|Golang|Rust,C|C++|C#|Java|JavaScript|Python3|Golang|Rust,C|C#|Java|JavaScript|Golang|Rust,,
1929,2,8,8,0,1,C++|Python3,C|C++|C#|Java|JavaScript|Python3|Golang|Rust,C|C++|C#|Java|JavaScript|Python3|Golang|Rust,C|C#|Java|JavaScript|Golang|Rust,,
1930,2,8,8,0,1,C++|Python3,C|C++|C#|Java|JavaScript|Python3|Golang|Rust,C|C++|C#|Java|JavaScript|Python3|Golang|Rust,C|C#|Java|JavaScript|Golang|Rust,,
1935,8,8,8,1,1,C|C++|C#|Java|JavaScript|Python3|Golang|Rust,C|C++|C#|Java|JavaScript|Python3|Golang|Rust,C|C++|C#|Java|JavaScript|Python3|Golang|Rust,,,
1936,2,8,8,0,1,C++|Python3,C|C++|C#|Java|JavaScript|Python3|Golang|Rust,C|C++|C#|Java|JavaScript|Python3|Golang|Rust,C|C#|Java|JavaScript|Golang|Rust,,
1941,2,8,8,0,1,C++|Python3,C|C++|C#|Java|JavaScript|Python3|Golang|Rust,C|C++|C#|Java|JavaScript|Python3|Golang|Rust,C|C#|Java|JavaScript|Golang|Rust,,
1942,2,8,8,0,1,C++|Python3,C|C++|C#|Java|JavaScript|Python3|Golang|Rust,C|C++|C#|Java|JavaScript|Python3|Golang|Rust,C|C#|Java|JavaScript|Golang|Rust,,
1945,6,8,8,0,1,C|C++|C#|Java|JavaScript|Python3,C|C++|C#|Java|JavaScript|Python3|Golang|Rust,C|C++|C#|Java|JavaScript|Python3|Golang|Rust,Golang|Rust,,
1946,2,8,8,0,1,C++|Python3,C|C++|C#|Java|JavaScript|Python3|Golang|Rust,C|C++|C#|Java|JavaScript|Python3|Golang|Rust,C|C#|Java|JavaScript|Golang|Rust,,
1947,2,8,8,0,1,C++|Python3,C|C++|C#|Java|JavaScript|Python3|Golang|Rust,C|C++|C#|Java|JavaScript|Python3|Golang|Rust,C|C#|Java|JavaScript|Golang|Rust,,
1952,2,8,8,0,1,C++|Python3,C|C++|C#|Java|JavaScript|Python3|Golang|Rust,C|C++|C#|Java|JavaScript|Python3|Golang|Rust,C|C#|Java|JavaScript|Golang|Rust,,
1953,7,8,8,0,1,C|C++|Java|JavaScript|Python3|Golang|Rust,C|C++|C#|Java|JavaScript|Python3|Golang|Rust,C|C++|C#|Java|JavaScript|Python3|Golang|Rust,C#,,
1955,2,8,8,0,1,C++|Python3,C|C++|C#|Java|JavaScript|Python3|Golang|Rust,C|C++|C#|Java|JavaScript|Python3|Golang|Rust,C|C#|Java|JavaScript|Golang|Rust,,
1957,8,8,8,1,1,C|C++|C#|Java|JavaScript|Python3|Golang|Rust,C|C++|C#|Java|JavaScript|Python3|Golang|Rust,C|C++|C#|Java|JavaScript|Python3|Golang|Rust,,,
1959,2,8,8,0,1,C++|Python3,C|C++|C#|Java|JavaScript|Python3|Golang|Rust,C|C++|C#|Java|JavaScript|Python3|Golang|Rust,C|C#|Java|JavaScript|Golang|Rust,,
1961,2,8,8,0,1,C++|Python3,C|C++|C#|Java|JavaScript|Python3|Golang|Rust,C|C++|C#|Java|JavaScript|Python3|Golang|Rust,C|C#|Java|JavaScript|Golang|Rust,,
1962,7,8,8,0,1,C|C++|C#|Java|JavaScript|Python3|Golang,C|C++|C#|Java|JavaScript|Python3|Golang|Rust,C|C++|C#|Java|JavaScript|Python3|Golang|Rust,Rust,,
1963,8,8,8,1,1,C|C++|C#|Java|JavaScript|Python3|Golang|Rust,C|C++|C#|Java|JavaScript|Python3|Golang|Rust,C|C++|C#|Java|JavaScript|Python3|Golang|Rust,,,
1964,2,8,8,0,1,C++|Python3,C|C++|C#|Java|JavaScript|Python3|Golang|Rust,C|C++|C#|Java|JavaScript|Python3|Golang|Rust,C|C#|Java|JavaScript|Golang|Rust,,
1967,2,8,8,0,1,C++|Python3,C|C++|C#|Java|JavaScript|Python3|Golang|Rust,C|C++|C#|Java|JavaScript|Python3|Golang|Rust,C|C#|Java|JavaScript|Golang|Rust,,
1968,2,8,8,0,1,C++|Python3,C|C++|C#|Java|JavaScript|Python3|Golang|Rust,C|C++|C#|Java|JavaScript|Python3|Golang|Rust,C|C#|Java|JavaScript|Golang|Rust,,
1969,8,8,8,1,1,C|C++|C#|Java|JavaScript|Python3|Golang|Rust,C|C++|C#|Java|JavaScript|Python3|Golang|Rust,C|C++|C#|Java|JavaScript|Python3|Golang|Rust,,,
1977,2,5,5,0,0,C++|Python3,C++|C#|JavaScript|Python3|Golang,C++|C#|JavaScript|Python3|Golang,C#|JavaScript|Golang,,C|Java|Rust
1979,2,8,8,0,1,C++|Python3,C|C++|C#|Java|JavaScript|Python3|Golang|Rust,C|C++|C#|Java|JavaScript|Python3|Golang|Rust,C|C#|Java|JavaScript|Golang|Rust,,
1980,2,8,8,0,1,C++|Python3,C|C++|C#|Java|JavaScript|Python3|Golang|Rust,C|C++|C#|Java|JavaScript|Python3|Golang|Rust,C|C#|Java|JavaScript|Golang|Rust,,
1982,2,8,8,0,1,C++|Python3,C|C++|C#|Java|JavaScript|Python3|Golang|Rust,C|C++|C#|Java|JavaScript|Python3|Golang|Rust,C|C#|Java|JavaScript|Golang|Rust,,
1984,6,8,8,0,1,C|C++|C#|Java|JavaScript|Python3,C|C++|C#|Java|JavaScript|Python3|Golang|Rust,C|C++|C#|Java|JavaScript|Python3|Golang|Rust,Golang|Rust,,
1985,2,8,8,0,1,C++|Python3,C|C++|C#|Java|JavaScript|Python3|Golang|Rust,C|C++|C#|Java|JavaScript|Python3|Golang|Rust,C|C#|Java|JavaScript|Golang|Rust,,
1986,2,8,8,0,1,C++|Python3,C|C++|C#|Java|JavaScript|Python3|Golang|Rust,C|C++|C#|Java|JavaScript|Python3|Golang|Rust,C|C#|Java|JavaScript|Golang|Rust,,
1987,2,8,8,0,1,C++|Python3,C|C++|C#|Java|JavaScript|Python3|Golang|Rust,C|C++|C#|Java|JavaScript|Python3|Golang|Rust,C|C#|Java|JavaScript|Golang|Rust,,
1991,6,8,8,0,1,C|C++|C#|Java|JavaScript|Golang,C|C++|C#|Java|JavaScript|Python3|Golang|Rust,C|C++|C#|Java|JavaScript|Python3|Golang|Rust,Python3|Rust,,
1994,6,8,8,0,1,C|C++|C#|Java|JavaScript|Python3,C|C++|C#|Java|JavaScript|Python3|Golang|Rust,C|C++|C#|Java|JavaScript|Python3|Golang|Rust,Golang|Rust,,
1995,5,8,8,0,1,C|C++|C#|Java|Python3,C|C++|C#|Java|JavaScript|Python3|Golang|Rust,C|C++|C#|Java|JavaScript|Python3|Golang|Rust,JavaScript|Golang|Rust,,
1996,6,8,8,0,1,C|C++|C#|Java|JavaScript|Python3,C|C++|C#|Java|JavaScript|Python3|Golang|Rust,C|C++|C#|Java|JavaScript|Python3|Golang|Rust,Golang|Rust,,
1997,8,8,8,1,1,C|C++|C#|Java|JavaScript|Python3|Golang|Rust,C|C++|C#|Java|JavaScript|Python3|Golang|Rust,C|C++|C#|Java|JavaScript|Python3|Golang|Rust,,,
2000,6,8,8,0,1,C|C++|C#|Java|JavaScript|Python3,C|C++|C#|Java|JavaScript|Python3|Golang|Rust,C|C++|C#|Java|JavaScript|Python3|Golang|Rust,Golang|Rust,,
2006,6,8,8,0,1,C|C++|C#|Java|JavaScript|Python3,C|C++|C#|Java|JavaScript|Python3|Golang|Rust,C|C++|C#|Java|JavaScript|Python3|Golang|Rust,Golang|Rust,,
2007,8,8,8,1,1,C|C++|C#|Java|JavaScript|Python3|Golang|Rust,C|C++|C#|Java|JavaScript|Python3|Golang|Rust,C|C++|C#|Java|JavaScript|Python3|Golang|Rust,,,
2008,7,8,8,0,1,C|C++|C#|Java|JavaScript|Python3|Golang,C|C++|C#|Java|JavaScript|Python3|Golang|Rust,C|C++|C#|Java|JavaScript|Python3|Golang|Rust,Rust,,
2009,8,8,8,1,1,C|C++|C#|Java|JavaScript|Python3|Golang|Rust,C|C++|C#|Java|JavaScript|Python3|Golang|Rust,C|C++|C#|Java|JavaScript|Python3|Golang|Rust,,,
2011,6,8,8,0,1,C|C++|C#|Java|JavaScript|Python3,C|C++|C#|Java|JavaScript|Python3|Golang|Rust,C|C++|C#|Java|JavaScript|Python3|Golang|Rust,Golang|Rust,,
2012,7,8,8,0,1,C|C++|C#|Java|JavaScript|Golang|Rust,C|C++|C#|Java|JavaScript|Python3|Golang|Rust,C|C++|C#|Java|JavaScript|Python3|Golang|Rust,Python3,,
2016,6,8,8,0,1,C|C++|C#|Java|JavaScript|Python3,C|C++|C#|Java|JavaScript|Python3|Golang|Rust,C|C++|C#|Java|JavaScript|Python3|Golang|Rust,Golang|Rust,,
2024,6,8,8,0,1,C|C++|C#|Java|JavaScript|Python3,C|C++|C#|Java|JavaScript|Python3|Golang|Rust,C|C++|C#|Java|JavaScript|Python3|Golang|Rust,Golang|Rust,,
2027,5,8,8,0,1,C|C++|C#|Java|Python3,C|C++|C#|Java|JavaScript|Python3|Golang|Rust,C|C++|C#|Java|JavaScript|Python3|Golang|Rust,JavaScript|Golang|Rust,,
2028,6,8,8,0,1,C|C++|C#|Java|JavaScript|Python3,C|C++|C#|Java|JavaScript|Python3|Golang|Rust,C|C++|C#|Java|JavaScript|Python3|Golang|Rust,Golang|Rust,,
2029,6,8,8,0,1,C|C++|C#|Java|JavaScript|Python3,C|C++|C#|Java|JavaScript|Python3|Golang|Rust,C|C++|C#|Java|JavaScript|Python3|Golang|Rust,Golang|Rust,,
2032,6,8,8,0,1,C|C++|C#|Java|JavaScript|Python3,C|C++|C#|Java|JavaScript|Python3|Golang|Rust,C|C++|C#|Java|JavaScript|Python3|Golang|Rust,Golang|Rust,,
2034,3,7,7,0,0,C++|Java|Python3,C|C++|C#|Java|Python3|Golang|Rust,C|C++|C#|Java|Python3|Golang|Rust,C|C#|Golang|Rust,,JavaScript
2037,6,8,8,0,1,C|C++|C#|Java|JavaScript|Python3,C|C++|C#|Java|JavaScript|Python3|Golang|Rust,C|C++|C#|Java|JavaScript|Python3|Golang|Rust,Golang|Rust,,
2038,6,8,8,0,1,C|C++|C#|Java|JavaScript|Python3,C|C++|C#|Java|JavaScript|Python3|Golang|Rust,C|C++|C#|Java|JavaScript|Python3|Golang|Rust,Golang|Rust,,
2040,8,8,8,1,1,C|C++|C#|Java|JavaScript|Python3|Golang|Rust,C|C++|C#|Java|JavaScript|Python3|Golang|Rust,C|C++|C#|Java|JavaScript|Python3|Golang|Rust,,,
2043,6,8,8,0,1,C|C++|C#|Java|JavaScript|Python3,C|C++|C#|Java|JavaScript|Python3|Golang|Rust,C|C++|C#|Java|JavaScript|Python3|Golang|Rust,Golang|Rust,,
2044,6,8,8,0,1,C|C++|C#|Java|JavaScript|Python3,C|C++|C#|Java|JavaScript|Python3|Golang|Rust,C|C++|C#|Java|JavaScript|Python3|Golang|Rust,Golang|Rust,,
2047,6,8,8,0,1,C|C++|C#|Java|JavaScript|Python3,C|C++|C#|Java|JavaScript|Python3|Golang|Rust,C|C++|C#|Java|JavaScript|Python3|Golang|Rust,Golang|Rust,,
2048,7,8,8,0,1,C|C++|C#|Java|JavaScript|Python3|Golang,C|C++|C#|Java|JavaScript|Python3|Golang|Rust,C|C++|C#|Java|JavaScript|Python3|Golang|Rust,Rust,,
2053,2,8,8,0,1,C++|Python3,C|C++|C#|Java|JavaScript|Python3|Golang|Rust,C|C++|C#|Java|JavaScript|Python3|Golang|Rust,C|C#|Java|JavaScript|Golang|Rust,,
2057,2,8,8,0,1,C++|Python3,C|C++|C#|Java|JavaScript|Python3|Golang|Rust,C|C++|C#|Java|JavaScript|Python3|Golang|Rust,C|C#|Java|JavaScript|Golang|Rust,,
2059,2,8,8,0,1,C++|Python3,C|C++|C#|Java|JavaScript|Python3|Golang|Rust,C|C++|C#|Java|JavaScript|Python3|Golang|Rust,C|C#|Java|JavaScript|Golang|Rust,,
2060,2,8,8,0,1,C++|Python3,C|C++|C#|Java|JavaScript|Python3|Golang|Rust,C|C++|C#|Java|JavaScript|Python3|Golang|Rust,C|C#|Java|JavaScript|Golang|Rust,,
2062,2,8,8,0,1,C++|Python3,C|C++|C#|Java|JavaScript|Python3|Golang|Rust,C|C++|C#|Java|JavaScript|Python3|Golang|Rust,C|C#|Java|JavaScript|Golang|Rust,,
2063,2,8,8,0,1,C++|Python3,C|C++|C#|Java|JavaScript|Python3|Golang|Rust,C|C++|C#|Java|JavaScript|Python3|Golang|Rust,C|C#|Java|JavaScript|Golang|Rust,,
2064,2,8,8,0,1,C++|Python3,C|C++|C#|Java|JavaScript|Python3|Golang|Rust,C|C++|C#|Java|JavaScript|Python3|Golang|Rust,C|C#|Java|JavaScript|Golang|Rust,,
2068,2,8,8,0,1,C++|Python3,C|C++|C#|Java|JavaScript|Python3|Golang|Rust,C|C++|C#|Java|JavaScript|Python3|Golang|Rust,C|C#|Java|JavaScript|Golang|Rust,,
2070,8,8,8,1,1,C|C++|C#|Java|JavaScript|Python3|Golang|Rust,C|C++|C#|Java|JavaScript|Python3|Golang|Rust,C|C++|C#|Java|JavaScript|Python3|Golang|Rust,,,
2071,8,8,8,1,1,C|C++|C#|Java|JavaScript|Python3|Golang|Rust,C|C++|C#|Java|JavaScript|Python3|Golang|Rust,C|C++|C#|Java|JavaScript|Python3|Golang|Rust,,,
2073,8,8,8,1,1,C|C++|C#|Java|JavaScript|Python3|Golang|Rust,C|C++|C#|Java|JavaScript|Python3|Golang|Rust,C|C++|C#|Java|JavaScript|Python3|Golang|Rust,,,
2076,2,8,8,0,1,C++|Python3,C|C++|C#|Java|JavaScript|Python3|Golang|Rust,C|C++|C#|Java|JavaScript|Python3|Golang|Rust,C|C#|Java|JavaScript|Golang|Rust,,
2079,7,8,8,0,1,C|C++|Java|JavaScript|Python3|Golang|Rust,C|C++|C#|Java|JavaScript|Python3|Golang|Rust,C|C++|C#|Java|JavaScript|Python3|Golang|Rust,C#,,
2080,8,8,8,1,1,C|C++|C#|Java|JavaScript|Python3|Golang|Rust,C|C++|C#|Java|JavaScript|Python3|Golang|Rust,C|C++|C#|Java|JavaScript|Python3|Golang|Rust,,,
2081,8,8,8,1,1,C|C++|C#|Java|JavaScript|Python3|Golang|Rust,C|C++|C#|Java|JavaScript|Python3|Golang|Rust,C|C++|C#|Java|JavaScript|Python3|Golang|Rust,,,
2085,7,8,8,0,1,C|C++|C#|Java|JavaScript|Python3|Golang,C|C++|C#|Java|JavaScript|Python3|Golang|Rust,C|C++|C#|Java|JavaScript|Python3|Golang|Rust,Rust,,
2089,2,8,8,0,1,C++|Python3,C|C++|C#|Java|JavaScript|Python3|Golang|Rust,C|C++|C#|Java|JavaScript|Python3|Golang|Rust,C|C#|Java|JavaScript|Golang|Rust,,
2091,2,8,8,0,1,C++|Python3,C|C++|C#|Java|JavaScript|Python3|Golang|Rust,C|C++|C#|Java|JavaScript|Python3|Golang|Rust,C|C#|Java|JavaScript|Golang|Rust,,
2092,2,7,7,0,0,C++|Python3,C++|C#|Java|JavaScript|Python3|Golang|Rust,C++|C#|Java|JavaScript|Python3|Golang|Rust,C#|Java|JavaScript|Golang|Rust,,C
2094,8,8,8,1,1,C|C++|C#|Java|JavaScript|Python3|Golang|Rust,C|C++|C#|Java|JavaScript|Python3|Golang|Rust,C|C++|C#|Java|JavaScript|Python3|Golang|Rust,,,
2097,2,7,7,0,0,C++|Python3,C++|C#|Java|JavaScript|Python3|Golang|Rust,C++|C#|Java|JavaScript|Python3|Golang|Rust,C#|Java|JavaScript|Golang|Rust,,C
2099,8,8,8,1,1,C|C++|C#|Java|JavaScript|Python3|Golang|Rust,C|C++|C#|Java|JavaScript|Python3|Golang|Rust,C|C++|C#|Java|JavaScript|Python3|Golang|Rust,,,
2100,6,8,8,0,1,C|C++|C#|Java|JavaScript|Python3,C|C++|C#|Java|JavaScript|Python3|Golang|Rust,C|C++|C#|Java|JavaScript|Python3|Golang|Rust,Golang|Rust,,
2104,6,8,8,0,1,C|C++|C#|Java|JavaScript|Python3,C|C++|C#|Java|JavaScript|Python3|Golang|Rust,C|C++|C#|Java|JavaScript|Python3|Golang|Rust,Golang|Rust,,
2105,7,8,8,0,1,C|C++|Java|JavaScript|Python3|Golang|Rust,C|C++|C#|Java|JavaScript|Python3|Golang|Rust,C|C++|C#|Java|JavaScript|Python3|Golang|Rust,C#,,
2108,2,8,8,0,1,C++|Python3,C|C++|C#|Java|JavaScript|Python3|Golang|Rust,C|C++|C#|Java|JavaScript|Python3|Golang|Rust,C|C#|Java|JavaScript|Golang|Rust,,
2109,2,8,8,0,1,C++|Python3,C|C++|C#|Java|JavaScript|Python3|Golang|Rust,C|C++|C#|Java|JavaScript|Python3|Golang|Rust,C|C#|Java|JavaScript|Golang|Rust,,
2110,2,8,8,0,1,C++|Python3,C|C++|C#|Java|JavaScript|Python3|Golang|Rust,C|C++|C#|Java|JavaScript|Python3|Golang|Rust,C|C#|Java|JavaScript|Golang|Rust,,
2111,2,8,8,0,1,C++|Python3,C|C++|C#|Java|JavaScript|Python3|Golang|Rust,C|C++|C#|Java|JavaScript|Python3|Golang|Rust,C|C#|Java|JavaScript|Golang|Rust,,
2114,2,8,8,0,1,C++|Python3,C|C++|C#|Java|JavaScript|Python3|Golang|Rust,C|C++|C#|Java|JavaScript|Python3|Golang|Rust,C|C#|Java|JavaScript|Golang|Rust,,
2115,2,8,8,0,1,C++|Python3,C|C++|C#|Java|JavaScript|Python3|Golang|Rust,C|C++|C#|Java|JavaScript|Python3|Golang|Rust,C|C#|Java|JavaScript|Golang|Rust,,
2117,2,4,4,0,0,C++|Python3,C++|JavaScript|Python3|Golang,C++|JavaScript|Python3|Golang,JavaScript|Golang,,C|C#|Java|Rust
2119,2,8,8,0,1,C++|Python3,C|C++|C#|Java|JavaScript|Python3|Golang|Rust,C|C++|C#|Java|JavaScript|Python3|Golang|Rust,C|C#|Java|JavaScript|Golang|Rust,,
2121,2,8,8,0,1,C++|Python3,C|C++|C#|Java|JavaScript|Python3|Golang|Rust,C|C++|C#|Java|JavaScript|Python3|Golang|Rust,C|C#|Java|JavaScript|Golang|Rust,,
2122,2,8,8,0,1,C++|Python3,C|C++|C#|Java|JavaScript|Python3|Golang|Rust,C|C++|C#|Java|JavaScript|Python3|Golang|Rust,C|C#|Java|JavaScript|Golang|Rust,,
2124,2,8,8,0,1,C++|Python3,C|C++|C#|Java|JavaScript|Python3|Golang|Rust,C|C++|C#|Java|JavaScript|Python3|Golang|Rust,C|C#|Java|JavaScript|Golang|Rust,,
2126,2,8,8,0,1,C++|Python3,C|C++|C#|Java|JavaScript|Python3|Golang|Rust,C|C++|C#|Java|JavaScript|Python3|Golang|Rust,C|C#|Java|JavaScript|Golang|Rust,,
2129,8,8,8,1,1,C|C++|C#|Java|JavaScript|Python3|Golang|Rust,C|C++|C#|Java|JavaScript|Python3|Golang|Rust,C|C++|C#|Java|JavaScript|Python3|Golang|Rust,,,
2131,8,8,8,1,1,C|C++|C#|Java|JavaScript|Python3|Golang|Rust,C|C++|C#|Java|JavaScript|Python3|Golang|Rust,C|C++|C#|Java|JavaScript|Python3|Golang|Rust,,,
2134,2,8,8,0,1,C++|Python3,C|C++|C#|Java|JavaScript|Python3|Golang|Rust,C|C++|C#|Java|JavaScript|Python3|Golang|Rust,C|C#|Java|JavaScript|Golang|Rust,,
2135,2,8,8,0,1,C++|Python3,C|C++|C#|Java|JavaScript|Python3|Golang|Rust,C|C++|C#|Java|JavaScript|Python3|Golang|Rust,C|C#|Java|JavaScript|Golang|Rust,,
2138,8,8,8,1,1,C|C++|C#|Java|JavaScript|Python3|Golang|Rust,C|C++|C#|Java|JavaScript|Python3|Golang|Rust,C|C++|C#|Java|JavaScript|Python3|Golang|Rust,,,
2139,2,8,8,0,1,C++|Python3,C|C++|C#|Java|JavaScript|Python3|Golang|Rust,C|C++|C#|Java|JavaScript|Python3|Golang|Rust,C|C#|Java|JavaScript|Golang|Rust,,
2140,8,8,8,1,1,C|C++|C#|Java|JavaScript|Python3|Golang|Rust,C|C++|C#|Java|JavaScript|Python3|Golang|Rust,C|C++|C#|Java|JavaScript|Python3|Golang|Rust,,,
2144,2,8,8,0,1,C++|Python3,C|C++|C#|Java|JavaScript|Python3|Golang|Rust,C|C++|C#|Java|JavaScript|Python3|Golang|Rust,C|C#|Java|JavaScript|Golang|Rust,,
2145,8,8,8,1,1,C|C++|C#|Java|JavaScript|Python3|Golang|Rust,C|C++|C#|Java|JavaScript|Python3|Golang|Rust,C|C++|C#|Java|JavaScript|Python3|Golang|Rust,,,
2148,2,8,8,0,1,C++|Python3,C|C++|C#|Java|JavaScript|Python3|Golang|Rust,C|C++|C#|Java|JavaScript|Python3|Golang|Rust,C|C#|Java|JavaScript|Golang|Rust,,
2149,3,8,8,0,1,C++|Python3|Golang,C|C++|C#|Java|JavaScript|Python3|Golang|Rust,C|C++|C#|Java|JavaScript|Python3|Golang|Rust,C|C#|Java|JavaScript|Rust,,
2150,2,8,8,0,1,C++|Python3,C|C++|C#|Java|JavaScript|Python3|Golang|Rust,C|C++|C#|Java|JavaScript|Python3|Golang|Rust,C|C#|Java|JavaScript|Golang|Rust,,
2154,2,8,8,0,1,C++|Python3,C|C++|C#|Java|JavaScript|Python3|Golang|Rust,C|C++|C#|Java|JavaScript|Python3|Golang|Rust,C|C#|Java|JavaScript|Golang|Rust,,
2155,2,8,8,0,1,C++|Python3,C|C++|C#|Java|JavaScript|Python3|Golang|Rust,C|C++|C#|Java|JavaScript|Python3|Golang|Rust,C|C#|Java|JavaScript|Golang|Rust,,
2156,2,7,7,0,0,C++|Python3,C|C++|C#|Java|Python3|Golang|Rust,C|C++|C#|Java|Python3|Golang|Rust,C|C#|Java|Golang|Rust,,JavaScript
2157,2,8,8,0,1,C++|Python3,C|C++|C#|Java|JavaScript|Python3|Golang|Rust,C|C++|C#|Java|JavaScript|Python3|Golang|Rust,C|C#|Java|JavaScript|Golang|Rust,,
2160,2,8,8,0,1,C++|Python3,C|C++|C#|Java|JavaScript|Python3|Golang|Rust,C|C++|C#|Java|JavaScript|Python3|Golang|Rust,C|C#|Java|JavaScript|Golang|Rust,,
2161,2,8,8,0,1,C++|Python3,C|C++|C#|Java|JavaScript|Python3|Golang|Rust,C|C++|C#|Java|JavaScript|Python3|Golang|Rust,C|C#|Java|JavaScript|Golang|Rust,,
2163,8,8,8,1,1,C|C++|C#|Java|JavaScript|Python3|Golang|Rust,C|C++|C#|Java|JavaScript|Python3|Golang|Rust,C|C++|C#|Java|JavaScript|Python3|Golang|Rust,,,
2164,2,8,8,0,1,C++|Python3,C|C++|C#|Java|JavaScript|Python3|Golang|Rust,C|C++|C#|Java|JavaScript|Python3|Golang|Rust,C|C#|Java|JavaScript|Golang|Rust,,
2165,2,8,8,0,1,C++|Python3,C|C++|C#|Java|JavaScript|Python3|Golang|Rust,C|C++|C#|Java|JavaScript|Python3|Golang|Rust,C|C#|Java|JavaScript|Golang|Rust,,
2166,2,8,8,0,1,C++|Python3,C|C++|C#|Java|JavaScript|Python3|Golang|Rust,C|C++|C#|Java|JavaScript|Python3|Golang|Rust,C|C#|Java|JavaScript|Golang|Rust,,
2167,2,8,8,0,1,C++|Python3,C|C++|C#|Java|JavaScript|Python3|Golang|Rust,C|C++|C#|Java|JavaScript|Python3|Golang|Rust,C|C#|Java|JavaScript|Golang|Rust,,
2169,2,8,8,0,1,C++|Python3,C|C++|C#|Java|JavaScript|Python3|Golang|Rust,C|C++|C#|Java|JavaScript|Python3|Golang|Rust,C|C#|Java|JavaScript|Golang|Rust,,
2170,2,8,8,0,1,C++|Python3,C|C++|C#|Java|JavaScript|Python3|Golang|Rust,C|C++|C#|Java|JavaScript|Python3|Golang|Rust,C|C#|Java|JavaScript|Golang|Rust,,
2171,7,8,8,0,1,C|C++|C#|Java|JavaScript|Python3|Golang,C|C++|C#|Java|JavaScript|Python3|Golang|Rust,C|C++|C#|Java|JavaScript|Python3|Golang|Rust,Rust,,
2172,2,8,8,0,1,C++|Python3,C|C++|C#|Java|JavaScript|Python3|Golang|Rust,C|C++|C#|Java|JavaScript|Python3|Golang|Rust,C|C#|Java|JavaScript|Golang|Rust,,
2176,8,8,8,1,1,C|C++|C#|Java|JavaScript|Python3|Golang|Rust,C|C++|C#|Java|JavaScript|Python3|Golang|Rust,C|C++|C#|Java|JavaScript|Python3|Golang|Rust,,,
2177,2,8,8,0,1,C++|Python3,C|C++|C#|Java|JavaScript|Python3|Golang|Rust,C|C++|C#|Java|JavaScript|Python3|Golang|Rust,C|C#|Java|JavaScript|Golang|Rust,,
2178,7,8,8,0,1,C|C++|C#|Java|JavaScript|Python3|Golang,C|C++|C#|Java|JavaScript|Python3|Golang|Rust,C|C++|C#|Java|JavaScript|Python3|Golang|Rust,Rust,,
2179,8,8,8,1,1,C|C++|C#|Java|JavaScript|Python3|Golang|Rust,C|C++|C#|Java|JavaScript|Python3|Golang|Rust,C|C++|C#|Java|JavaScript|Python3|Golang|Rust,,,
2180,6,8,8,0,1,C|C++|C#|Java|JavaScript|Python3,C|C++|C#|Java|JavaScript|Python3|Golang|Rust,C|C++|C#|Java|JavaScript|Python3|Golang|Rust,Golang|Rust,,
2182,7,8,8,0,1,C|C++|C#|Java|JavaScript|Python3|Golang,C|C++|C#|Java|JavaScript|Python3|Golang|Rust,C|C++|C#|Java|JavaScript|Python3|Golang|Rust,Rust,,
2183,2,7,7,0,0,C++|Python3,C++|C#|Java|JavaScript|Python3|Golang|Rust,C++|C#|Java|JavaScript|Python3|Golang|Rust,C#|Java|JavaScript|Golang|Rust,,C
2185,6,8,8,0,1,C|C++|C#|Java|JavaScript|Python3,C|C++|C#|Java|JavaScript|Python3|Golang|Rust,C|C++|C#|Java|JavaScript|Python3|Golang|Rust,Golang|Rust,,
2187,8,8,8,1,1,C|C++|C#|Java|JavaScript|Python3|Golang|Rust,C|C++|C#|Java|JavaScript|Python3|Golang|Rust,C|C++|C#|Java|JavaScript|Python3|Golang|Rust,,,
2188,2,8,8,0,1,C++|Python3,C|C++|C#|Java|JavaScript|Python3|Golang|Rust,C|C++|C#|Java|JavaScript|Python3|Golang|Rust,C|C#|Java|JavaScript|Golang|Rust,,
2190,2,8,8,0,1,C++|Python3,C|C++|C#|Java|JavaScript|Python3|Golang|Rust,C|C++|C#|Java|JavaScript|Python3|Golang|Rust,C|C#|Java|JavaScript|Golang|Rust,,
2191,2,8,8,0,1,C++|Python3,C|C++|C#|Java|JavaScript|Python3|Golang|Rust,C|C++|C#|Java|JavaScript|Python3|Golang|Rust,C|C#|Java|JavaScript|Golang|Rust,,
2195,2,8,8,0,1,C++|Python3,C|C++|C#|Java|JavaScript|Python3|Golang|Rust,C|C++|C#|Java|JavaScript|Python3|Golang|Rust,C|C#|Java|JavaScript|Golang|Rust,,
2197,8,8,8,1,1,C|C++|C#|Java|JavaScript|Python3|Golang|Rust,C|C++|C#|Java|JavaScript|Python3|Golang|Rust,C|C++|C#|Java|JavaScript|Python3|Golang|Rust,,,
2200,8,8,8,1,1,C|C++|C#|Java|JavaScript|Python3|Golang|Rust,C|C++|C#|Java|JavaScript|Python3|Golang|Rust,C|C++|C#|Java|JavaScript|Python3|Golang|Rust,,,
2202,2,8,8,0,1,C++|Python3,C|C++|C#|Java|JavaScript|Python3|Golang|Rust,C|C++|C#|Java|JavaScript|Python3|Golang|Rust,C|C#|Java|JavaScript|Golang|Rust,,
2206,2,8,8,0,1,C++|Python3,C|C++|C#|Java|JavaScript|Python3|Golang|Rust,C|C++|C#|Java|JavaScript|Python3|Golang|Rust,C|C#|Java|JavaScript|Golang|Rust,,
2207,8,8,8,1,1,C|C++|C#|Java|JavaScript|Python3|Golang|Rust,C|C++|C#|Java|JavaScript|Python3|Golang|Rust,C|C++|C#|Java|JavaScript|Python3|Golang|Rust,,,
2208,6,8,8,0,1,C++|C#|Java|JavaScript|Python3|Golang,C|C++|C#|Java|JavaScript|Python3|Golang|Rust,C|C++|C#|Java|JavaScript|Python3|Golang|Rust,C|Rust,,
2210,8,8,8,1,1,C|C++|C#|Java|JavaScript|Python3|Golang|Rust,C|C++|C#|Java|JavaScript|Python3|Golang|Rust,C|C++|C#|Java|JavaScript|Python3|Golang|Rust,,,
2215,2,8,8,0,1,C++|Python3,C|C++|C#|Java|JavaScript|Python3|Golang|Rust,C|C++|C#|Java|JavaScript|Python3|Golang|Rust,C|C#|Java|JavaScript|Golang|Rust,,
2216,7,8,8,0,1,C|C++|C#|Java|JavaScript|Python3|Golang,C|C++|C#|Java|JavaScript|Python3|Golang|Rust,C|C++|C#|Java|JavaScript|Python3|Golang|Rust,Rust,,
2217,2,8,8,0,1,C++|Python3,C|C++|C#|Java|JavaScript|Python3|Golang|Rust,C|C++|C#|Java|JavaScript|Python3|Golang|Rust,C|C#|Java|JavaScript|Golang|Rust,,
2220,2,8,8,0,1,C++|Python3,C|C++|C#|Java|JavaScript|Python3|Golang|Rust,C|C++|C#|Java|JavaScript|Python3|Golang|Rust,C|C#|Java|JavaScript|Golang|Rust,,
2222,2,8,8,0,1,C++|Python3,C|C++|C#|Java|JavaScript|Python3|Golang|Rust,C|C++|C#|Java|JavaScript|Python3|Golang|Rust,C|C#|Java|JavaScript|Golang|Rust,,
2224,2,8,8,0,1,C++|Python3,C|C++|C#|Java|JavaScript|Python3|Golang|Rust,C|C++|C#|Java|JavaScript|Python3|Golang|Rust,C|C#|Java|JavaScript|Golang|Rust,,
2225,8,8,8,1,1,C|C++|C#|Java|JavaScript|Python3|Golang|Rust,C|C++|C#|Java|JavaScript|Python3|Golang|Rust,C|C++|C#|Java|JavaScript|Python3|Golang|Rust,,,
2226,2,8,8,0,1,C++|Python3,C|C++|C#|Java|JavaScript|Python3|Golang|Rust,C|C++|C#|Java|JavaScript|Python3|Golang|Rust,C|C#|Java|JavaScript|Golang|Rust,,
2227,2,8,8,0,1,C++|Python3,C|C++|C#|Java|JavaScript|Python3|Golang|Rust,C|C++|C#|Java|JavaScript|Python3|Golang|Rust,C|C#|Java|JavaScript|Golang|Rust,,
2231,2,8,8,0,1,C++|Python3,C|C++|C#|Java|JavaScript|Python3|Golang|Rust,C|C++|C#|Java|JavaScript|Python3|Golang|Rust,C|C#|Java|JavaScript|Golang|Rust,,
2232,2,8,8,0,1,C++|Python3,C|C++|C#|Java|JavaScript|Python3|Golang|Rust,C|C++|C#|Java|JavaScript|Python3|Golang|Rust,C|C#|Java|JavaScript|Golang|Rust,,
2233,2,8,8,0,1,C++|Python3,C|C++|C#|Java|JavaScript|Python3|Golang|Rust,C|C++|C#|Java|JavaScript|Python3|Golang|Rust,C|C#|Java|JavaScript|Golang|Rust,,
2234,8,8,8,1,1,C|C++|C#|Java|JavaScript|Python3|Golang|Rust,C|C++|C#|Java|JavaScript|Python3|Golang|Rust,C|C++|C#|Java|JavaScript|Python3|Golang|Rust,,,
2235,7,8,8,0,1,C|C++|C#|Java|JavaScript|Python3|Golang,C|C++|C#|Java|JavaScript|Python3|Golang|Rust,C|C++|C#|Java|JavaScript|Python3|Golang|Rust,Rust,,
2239,8,8,8,1,1,C|C++|C#|Java|JavaScript|Python3|Golang|Rust,C|C++|C#|Java|JavaScript|Python3|Golang|Rust,C|C++|C#|Java|JavaScript|Python3|Golang|Rust,,,
2240,7,8,8,0,1,C|C++|C#|Java|JavaScript|Python3|Golang,C|C++|C#|Java|JavaScript|Python3|Golang|Rust,C|C++|C#|Java|JavaScript|Python3|Golang|Rust,Rust,,
2241,8,8,8,1,1,C|C++|C#|Java|JavaScript|Python3|Golang|Rust,C|C++|C#|Java|JavaScript|Python3|Golang|Rust,C|C++|C#|Java|JavaScript|Python3|Golang|Rust,,,
2243,2,8,8,0,1,C++|Python3,C|C++|C#|Java|JavaScript|Python3|Golang|Rust,C|C++|C#|Java|JavaScript|Python3|Golang|Rust,C|C#|Java|JavaScript|Golang|Rust,,
2244,8,8,8,1,1,C|C++|C#|Java|JavaScript|Python3|Golang|Rust,C|C++|C#|Java|JavaScript|Python3|Golang|Rust,C|C++|C#|Java|JavaScript|Python3|Golang|Rust,,,
2248,2,8,8,0,1,C++|Python3,C|C++|C#|Java|JavaScript|Python3|Golang|Rust,C|C++|C#|Java|JavaScript|Python3|Golang|Rust,C|C#|Java|JavaScript|Golang|Rust,,
2255,8,8,8,1,1,C|C++|C#|Java|JavaScript|Python3|Golang|Rust,C|C++|C#|Java|JavaScript|Python3|Golang|Rust,C|C++|C#|Java|JavaScript|Python3|Golang|Rust,,,
2259,2,8,8,0,1,C++|Python3,C|C++|C#|Java|JavaScript|Python3|Golang|Rust,C|C++|C#|Java|JavaScript|Python3|Golang|Rust,C|C#|Java|JavaScript|Golang|Rust,,
2261,2,8,8,0,1,C++|Python3,C|C++|C#|Java|JavaScript|Python3|Golang|Rust,C|C++|C#|Java|JavaScript|Python3|Golang|Rust,C|C#|Java|JavaScript|Golang|Rust,,
2264,8,8,8,1,1,C|C++|C#|Java|JavaScript|Python3|Golang|Rust,C|C++|C#|Java|JavaScript|Python3|Golang|Rust,C|C++|C#|Java|JavaScript|Python3|Golang|Rust,,,
2269,8,8,8,1,1,C|C++|C#|Java|JavaScript|Python3|Golang|Rust,C|C++|C#|Java|JavaScript|Python3|Golang|Rust,C|C++|C#|Java|JavaScript|Python3|Golang|Rust,,,
2270,8,8,8,1,1,C|C++|C#|Java|JavaScript|Python3|Golang|Rust,C|C++|C#|Java|JavaScript|Python3|Golang|Rust,C|C++|C#|Java|JavaScript|Python3|Golang|Rust,,,
2272,8,8,8,1,1,C|C++|C#|Java|JavaScript|Python3|Golang|Rust,C|C++|C#|Java|JavaScript|Python3|Golang|Rust,C|C++|C#|Java|JavaScript|Python3|Golang|Rust,,,
2273,8,8,8,1,1,C|C++|C#|Java|JavaScript|Python3|Golang|Rust,C|C++|C#|Java|JavaScript|Python3|Golang|Rust,C|C++|C#|Java|JavaScript|Python3|Golang|Rust,,,
2274,8,8,8,1,1,C|C++|C#|Java|JavaScript|Python3|Golang|Rust,C|C++|C#|Java|JavaScript|Python3|Golang|Rust,C|C++|C#|Java|JavaScript|Python3|Golang|Rust,,,
2275,8,8,8,1,1,C|C++|C#|Java|JavaScript|Python3|Golang|Rust,C|C++|C#|Java|JavaScript|Python3|Golang|Rust,C|C++|C#|Java|JavaScript|Python3|Golang|Rust,,,
2276,4,8,8,0,1,C++|Java|Python3|Golang,C|C++|C#|Java|JavaScript|Python3|Golang|Rust,C|C++|C#|Java|JavaScript|Python3|Golang|Rust,C|C#|JavaScript|Rust,,
2278,8,8,8,1,1,C|C++|C#|Java|JavaScript|Python3|Golang|Rust,C|C++|C#|Java|JavaScript|Python3|Golang|Rust,C|C++|C#|Java|JavaScript|Python3|Golang|Rust,,,
2283,6,8,8,0,1,C|C++|C#|Java|JavaScript|Python3,C|C++|C#|Java|JavaScript|Python3|Golang|Rust,C|C++|C#|Java|JavaScript|Python3|Golang|Rust,Golang|Rust,,
2286,8,8,8,1,1,C|C++|C#|Java|JavaScript|Python3|Golang|Rust,C|C++|C#|Java|JavaScript|Python3|Golang|Rust,C|C++|C#|Java|JavaScript|Python3|Golang|Rust,,,
2287,6,8,8,0,1,C|C++|C#|Java|JavaScript|Python3,C|C++|C#|Java|JavaScript|Python3|Golang|Rust,C|C++|C#|Java|JavaScript|Python3|Golang|Rust,Golang|Rust,,
2288,8,8,8,1,1,C|C++|C#|Java|JavaScript|Python3|Golang|Rust,C|C++|C#|Java|JavaScript|Python3|Golang|Rust,C|C++|C#|Java|JavaScript|Python3|Golang|Rust,,,
2294,8,8,8,1,1,C|C++|C#|Java|JavaScript|Python3|Golang|Rust,C|C++|C#|Java|JavaScript|Python3|Golang|Rust,C|C++|C#|Java|JavaScript|Python3|Golang|Rust,,,
2296,8,8,8,1,1,C|C++|C#|Java|JavaScript|Python3|Golang|Rust,C|C++|C#|Java|JavaScript|Python3|Golang|Rust,C|C++|C#|Java|JavaScript|Python3|Golang|Rust,,,
2299,6,8,8,0,1,C|C++|C#|Java|JavaScript|Python3,C|C++|C#|Java|JavaScript|Python3|Golang|Rust,C|C++|C#|Java|JavaScript|Python3|Golang|Rust,Golang|Rust,,
2300,7,8,8,0,1,C|C++|C#|Java|JavaScript|Python3|Golang,C|C++|C#|Java|JavaScript|Python3|Golang|Rust,C|C++|C#|Java|JavaScript|Python3|Golang|Rust,Rust,,
2302,8,8,8,1,1,C|C++|C#|Java|JavaScript|Python3|Golang|Rust,C|C++|C#|Java|JavaScript|Python3|Golang|Rust,C|C++|C#|Java|JavaScript|Python3|Golang|Rust,,,
2303,6,8,8,0,1,C|C++|C#|Java|JavaScript|Python3,C|C++|C#|Java|JavaScript|Python3|Golang|Rust,C|C++|C#|Java|JavaScript|Python3|Golang|Rust,Golang|Rust,,
2306,8,8,8,1,1,C|C++|C#|Java|JavaScript|Python3|Golang|Rust,C|C++|C#|Java|JavaScript|Python3|Golang|Rust,C|C++|C#|Java|JavaScript|Python3|Golang|Rust,,,
2309,6,8,8,0,1,C|C++|C#|Java|JavaScript|Python3,C|C++|C#|Java|JavaScript|Python3|Golang|Rust,C|C++|C#|Java|JavaScript|Python3|Golang|Rust,Golang|Rust,,
2310,2,8,8,0,1,C++|Python3,C|C++|C#|Java|JavaScript|Python3|Golang|Rust,C|C++|C#|Java|JavaScript|Python3|Golang|Rust,C|C#|Java|JavaScript|Golang|Rust,,
2311,8,8,8,1,1,C|C++|C#|Java|JavaScript|Python3|Golang|Rust,C|C++|C#|Java|JavaScript|Python3|Golang|Rust,C|C++|C#|Java|JavaScript|Python3|Golang|Rust,,,
2315,6,8,8,0,1,C|C++|C#|Java|JavaScript|Python3,C|C++|C#|Java|JavaScript|Python3|Golang|Rust,C|C++|C#|Java|JavaScript|Python3|Golang|Rust,Golang|Rust,,
2327,8,8,8,1,1,C|C++|C#|Java|JavaScript|Python3|Golang|Rust,C|C++|C#|Java|JavaScript|Python3|Golang|Rust,C|C++|C#|Java|JavaScript|Python3|Golang|Rust,,,
2332,8,8,8,1,1,C|C++|C#|Java|JavaScript|Python3|Golang|Rust,C|C++|C#|Java|JavaScript|Python3|Golang|Rust,C|C++|C#|Java|JavaScript|Python3|Golang|Rust,,,
2335,6,8,8,0,1,C|C++|C#|Java|JavaScript|Python3,C|C++|C#|Java|JavaScript|Python3|Golang|Rust,C|C++|C#|Java|JavaScript|Python3|Golang|Rust,Golang|Rust,,
2336,5,8,8,0,1,C++|Java|JavaScript|Python3|Golang,C|C++|C#|Java|JavaScript|Python3|Golang|Rust,C|C++|C#|Java|JavaScript|Python3|Golang|Rust,C|C#|Rust,,
2337,6,8,8,0,1,C|C++|C#|Java|JavaScript|Python3,C|C++|C#|Java|JavaScript|Python3|Golang|Rust,C|C++|C#|Java|JavaScript|Python3|Golang|Rust,Golang|Rust,,
2338,8,8,8,1,1,C|C++|C#|Java|JavaScript|Python3|Golang|Rust,C|C++|C#|Java|JavaScript|Python3|Golang|Rust,C|C++|C#|Java|JavaScript|Python3|Golang|Rust,,,
2341,6,8,8,0,1,C|C++|C#|Java|JavaScript|Python3,C|C++|C#|Java|JavaScript|Python3|Golang|Rust,C|C++|C#|Java|JavaScript|Python3|Golang|Rust,Golang|Rust,,
2342,7,8,8,0,1,C|C++|C#|Java|JavaScript|Python3|Golang,C|C++|C#|Java|JavaScript|Python3|Golang|Rust,C|C++|C#|Java|JavaScript|Python3|Golang|Rust,Rust,,
2347,6,8,8,0,1,C|C++|C#|Java|JavaScript|Python3,C|C++|C#|Java|JavaScript|Python3|Golang|Rust,C|C++|C#|Java|JavaScript|Python3|Golang|Rust,Golang|Rust,,
2348,8,8,8,1,1,C|C++|C#|Java|JavaScript|Python3|Golang|Rust,C|C++|C#|Java|JavaScript|Python3|Golang|Rust,C|C++|C#|Java|JavaScript|Python3|Golang|Rust,,,
2349,8,8,8,1,1,C|C++|C#|Java|JavaScript|Python3|Golang|Rust,C|C++|C#|Java|JavaScript|Python3|Golang|Rust,C|C++|C#|Java|JavaScript|Python3|Golang|Rust,,,
2351,6,8,8,0,1,C|C++|C#|Java|JavaScript|Python3,C|C++|C#|Java|JavaScript|Python3|Golang|Rust,C|C++|C#|Java|JavaScript|Python3|Golang|Rust,Golang|Rust,,
2353,8,8,8,1,1,C|C++|C#|Java|JavaScript|Python3|Golang|Rust,C|C++|C#|Java|JavaScript|Python3|Golang|Rust,C|C++|C#|Java|JavaScript|Python3|Golang|Rust,,,
2357,6,8,8,0,1,C|C++|C#|Java|JavaScript|Python3,C|C++|C#|Java|JavaScript|Python3|Golang|Rust,C|C++|C#|Java|JavaScript|Python3|Golang|Rust,Golang|Rust,,
2363,6,8,8,0,1,C|C++|C#|Java|JavaScript|Python3,C|C++|C#|Java|JavaScript|Python3|Golang|Rust,C|C++|C#|Java|JavaScript|Python3|Golang|Rust,Golang|Rust,,
2364,8,8,8,1,1,C|C++|C#|Java|JavaScript|Python3|Golang|Rust,C|C++|C#|Java|JavaScript|Python3|Golang|Rust,C|C++|C#|Java|JavaScript|Python3|Golang|Rust,,,
2367,5,8,8,0,1,C|C++|C#|Java|JavaScript,C|C++|C#|Java|JavaScript|Python3|Golang|Rust,C|C++|C#|Java|JavaScript|Python3|Golang|Rust,Python3|Golang|Rust,,
2369,8,8,8,1,1,C|C++|C#|Java|JavaScript|Python3|Golang|Rust,C|C++|C#|Java|JavaScript|Python3|Golang|Rust,C|C++|C#|Java|JavaScript|Python3|Golang|Rust,,,
2376,8,8,8,1,1,C|C++|C#|Java|JavaScript|Python3|Golang|Rust,C|C++|C#|Java|JavaScript|Python3|Golang|Rust,C|C++|C#|Java|JavaScript|Python3|Golang|Rust,,,
2379,6,8,8,0,1,C|C++|C#|Java|JavaScript|Python3,C|C++|C#|Java|JavaScript|Python3|Golang|Rust,C|C++|C#|Java|JavaScript|Python3|Golang|Rust,Golang|Rust,,
2383,6,8,8,0,1,C|C++|C#|Java|JavaScript|Python3,C|C++|C#|Java|JavaScript|Python3|Golang|Rust,C|C++|C#|Java|JavaScript|Python3|Golang|Rust,Golang|Rust,,
2386,8,8,8,1,1,C|C++|C#|Java|JavaScript|Python3|Golang|Rust,C|C++|C#|Java|JavaScript|Python3|Golang|Rust,C|C++|C#|Java|JavaScript|Python3|Golang|Rust,,,
2389,6,8,8,0,1,C|C++|C#|Java|JavaScript|Python3,C|C++|C#|Java|JavaScript|Python3|Golang|Rust,C|C++|C#|Java|JavaScript|Python3|Golang|Rust,Golang|Rust,,
2390,8,8,8,1,1,C|C++|C#|Java|JavaScript|Python3|Golang|Rust,C|C++|C#|Java|JavaScript|Python3|Golang|Rust,C|C++|C#|Java|JavaScript|Python3|Golang|Rust,,,
2391,7,8,8,0,1,C|C++|C#|Java|JavaScript|Golang|Rust,C|C++|C#|Java|JavaScript|Python3|Golang|Rust,C|C++|C#|Java|JavaScript|Python3|Golang|Rust,Python3,,
2395,5,8,8,0,1,C++|C#|Java|JavaScript|Python3,C|C++|C#|Java|JavaScript|Python3|Golang|Rust,C|C++|C#|Java|JavaScript|Python3|Golang|Rust,C|Golang|Rust,,
2398,8,8,8,1,1,C|C++|C#|Java|JavaScript|Python3|Golang|Rust,C|C++|C#|Java|JavaScript|Python3|Golang|Rust,C|C++|C#|Java|JavaScript|Python3|Golang|Rust,,,
2399,7,8,8,0,1,C|C++|C#|Java|JavaScript|Python3|Golang,C|C++|C#|Java|JavaScript|Python3|Golang|Rust,C|C++|C#|Java|JavaScript|Python3|Golang|Rust,Rust,,
2404,7,8,8,0,1,C|C++|C#|Java|JavaScript|Python3|Golang,C|C++|C#|Java|JavaScript|Python3|Golang|Rust,C|C++|C#|Java|JavaScript|Python3|Golang|Rust,Rust,,
2409,7,8,8,0,1,C|C++|C#|Java|JavaScript|Python3|Golang,C|C++|C#|Java|JavaScript|Python3|Golang|Rust,C|C++|C#|Java|JavaScript|Python3|Golang|Rust,Rust,,
2410,7,8,8,0,1,C|C++|C#|Java|JavaScript|Python3|Golang,C|C++|C#|Java|JavaScript|Python3|Golang|Rust,C|C++|C#|Java|JavaScript|Python3|Golang|Rust,Rust,,
2411,8,8,8,1,1,C|C++|C#|Java|JavaScript|Python3|Golang|Rust,C|C++|C#|Java|JavaScript|Python3|Golang|Rust,C|C++|C#|Java|JavaScript|Python3|Golang|Rust,,,
2412,8,8,8,1,1,C|C++|C#|Java|JavaScript|Python3|Golang|Rust,C|C++|C#|Java|JavaScript|Python3|Golang|Rust,C|C++|C#|Java|JavaScript|Python3|Golang|Rust,,,
2413,7,8,8,0,1,C|C++|C#|Java|JavaScript|Python3|Golang,C|C++|C#|Java|JavaScript|Python3|Golang|Rust,C|C++|C#|Java|JavaScript|Python3|Golang|Rust,Rust,,
2414,8,8,8,1,1,C|C++|C#|Java|JavaScript|Python3|Golang|Rust,C|C++|C#|Java|JavaScript|Python3|Golang|Rust,C|C++|C#|Java|JavaScript|Python3|Golang|Rust,,,
2418,7,8,8,0,1,C|C++|C#|Java|JavaScript|Python3|Golang,C|C++|C#|Java|JavaScript|Python3|Golang|Rust,C|C++|C#|Java|JavaScript|Python3|Golang|Rust,Rust,,
2419,8,8,8,1,1,C|C++|C#|Java|JavaScript|Python3|Golang|Rust,C|C++|C#|Java|JavaScript|Python3|Golang|Rust,C|C++|C#|Java|JavaScript|Python3|Golang|Rust,,,
2420,6,8,8,0,1,C|C++|C#|Java|JavaScript|Python3,C|C++|C#|Java|JavaScript|Python3|Golang|Rust,C|C++|C#|Java|JavaScript|Python3|Golang|Rust,Golang|Rust,,
2423,7,8,8,0,1,C|C++|C#|Java|JavaScript|Python3|Golang,C|C++|C#|Java|JavaScript|Python3|Golang|Rust,C|C++|C#|Java|JavaScript|Python3|Golang|Rust,Rust,,
2427,6,8,8,0,1,C|C++|C#|Java|JavaScript|Python3,C|C++|C#|Java|JavaScript|Python3|Golang|Rust,C|C++|C#|Java|JavaScript|Python3|Golang|Rust,Golang|Rust,,
2432,7,8,8,0,1,C|C++|C#|Java|JavaScript|Python3|Golang,C|C++|C#|Java|JavaScript|Python3|Golang|Rust,C|C++|C#|Java|JavaScript|Python3|Golang|Rust,Rust,,
2434,8,8,8,1,1,C|C++|C#|Java|JavaScript|Python3|Golang|Rust,C|C++|C#|Java|JavaScript|Python3|Golang|Rust,C|C++|C#|Java|JavaScript|Python3|Golang|Rust,,,
2437,6,8,8,0,1,C|C++|C#|Java|JavaScript|Python3,C|C++|C#|Java|JavaScript|Python3|Golang|Rust,C|C++|C#|Java|JavaScript|Python3|Golang|Rust,Golang|Rust,,
2438,8,8,8,1,1,C|C++|C#|Java|JavaScript|Python3|Golang|Rust,C|C++|C#|Java|JavaScript|Python3|Golang|Rust,C|C++|C#|Java|JavaScript|Python3|Golang|Rust,,,
2441,7,8,8,0,1,C|C++|C#|Java|JavaScript|Python3|Golang,C|C++|C#|Java|JavaScript|Python3|Golang|Rust,C|C++|C#|Java|JavaScript|Python3|Golang|Rust,Rust,,
2444,8,8,8,1,1,C|C++|C#|Java|JavaScript|Python3|Golang|Rust,C|C++|C#|Java|JavaScript|Python3|Golang|Rust,C|C++|C#|Java|JavaScript|Python3|Golang|Rust,,,
2446,7,8,8,0,1,C|C++|C#|Java|JavaScript|Python3|Golang,C|C++|C#|Java|JavaScript|Python3|Golang|Rust,C|C++|C#|Java|JavaScript|Python3|Golang|Rust,Rust,,
2451,7,8,8,0,1,C|C++|C#|Java|JavaScript|Python3|Golang,C|C++|C#|Java|JavaScript|Python3|Golang|Rust,C|C++|C#|Java|JavaScript|Python3|Golang|Rust,Rust,,
2454,7,8,8,0,1,C|C++|C#|Java|JavaScript|Python3|Golang,C|C++|C#|Java|JavaScript|Python3|Golang|Rust,C|C++|C#|Java|JavaScript|Python3|Golang|Rust,Rust,,
2455,7,8,8,0,1,C|C++|C#|Java|JavaScript|Python3|Golang,C|C++|C#|Java|JavaScript|Python3|Golang|Rust,C|C++|C#|Java|JavaScript|Python3|Golang|Rust,Rust,,
2460,7,8,8,0,1,C|C++|C#|Java|JavaScript|Python3|Golang,C|C++|C#|Java|JavaScript|Python3|Golang|Rust,C|C++|C#|Java|JavaScript|Python3|Golang|Rust,Rust,,
2462,8,8,8,1,1,C|C++|C#|Java|JavaScript|Python3|Golang|Rust,C|C++|C#|Java|JavaScript|Python3|Golang|Rust,C|C++|C#|Java|JavaScript|Python3|Golang|Rust,,,
2465,7,8,8,0,1,C|C++|C#|Java|JavaScript|Python3|Golang,C|C++|C#|Java|JavaScript|Python3|Golang|Rust,C|C++|C#|Java|JavaScript|Python3|Golang|Rust,Rust,,
2469,6,8,8,0,1,C|C++|C#|Java|JavaScript|Python3,C|C++|C#|Java|JavaScript|Python3|Golang|Rust,C|C++|C#|Java|JavaScript|Python3|Golang|Rust,Golang|Rust,,
2475,6,8,8,0,1,C|C++|Java|JavaScript|Python3|Golang,C|C++|C#|Java|JavaScript|Python3|Golang|Rust,C|C++|C#|Java|JavaScript|Python3|Golang|Rust,C#|Rust,,
2485,7,8,8,0,1,C|C++|C#|Java|JavaScript|Python3|Golang,C|C++|C#|Java|JavaScript|Python3|Golang|Rust,C|C++|C#|Java|JavaScript|Python3|Golang|Rust,Rust,,
2488,6,8,8,0,1,C|C++|C#|Java|JavaScript|Python3,C|C++|C#|Java|JavaScript|Python3|Golang|Rust,C|C++|C#|Java|JavaScript|Python3|Golang|Rust,Golang|Rust,,
2490,7,8,8,0,1,C|C++|C#|Java|JavaScript|Python3|Golang,C|C++|C#|Java|JavaScript|Python3|Golang|Rust,C|C++|C#|Java|JavaScript|Python3|Golang|Rust,Rust,,
2496,7,8,8,0,1,C|C++|C#|Java|JavaScript|Python3|Golang,C|C++|C#|Java|JavaScript|Python3|Golang|Rust,C|C++|C#|Java|JavaScript|Python3|Golang|Rust,Rust,,
2502,8,8,8,1,1,C|C++|C#|Java|JavaScript|Python3|Golang|Rust,C|C++|C#|Java|JavaScript|Python3|Golang|Rust,C|C++|C#|Java|JavaScript|Python3|Golang|Rust,,,
2506,8,8,8,1,1,C|C++|C#|Java|JavaScript|Python3|Golang|Rust,C|C++|C#|Java|JavaScript|Python3|Golang|Rust,C|C++|C#|Java|JavaScript|Python3|Golang|Rust,,,
2511,7,8,8,0,1,C|C++|C#|Java|JavaScript|Python3|Golang,C|C++|C#|Java|JavaScript|Python3|Golang|Rust,C|C++|C#|Java|JavaScript|Python3|Golang|Rust,Rust,,
2512,7,8,8,0,1,C|C++|C#|Java|JavaScript|Python3|Golang,C|C++|C#|Java|JavaScript|Python3|Golang|Rust,C|C++|C#|Java|JavaScript|Python3|Golang|Rust,Rust,,
2516,8,8,8,1,1,C|C++|C#|Java|JavaScript|Python3|Golang|Rust,C|C++|C#|Java|JavaScript|Python3|Golang|Rust,C|C++|C#|Java|JavaScript|Python3|Golang|Rust,,,
2517,7,8,8,0,1,C|C++|C#|Java|JavaScript|Python3|Golang,C|C++|C#|Java|JavaScript|Python3|Golang|Rust,C|C++|C#|Java|JavaScript|Python3|Golang|Rust,Rust,,
2520,7,8,8,0,1,C|C++|C#|Java|JavaScript|Python3|Golang,C|C++|C#|Java|JavaScript|Python3|Golang|Rust,C|C++|C#|Java|JavaScript|Python3|Golang|Rust,Rust,,
2525,7,8,8,0,1,C|C++|C#|Java|JavaScript|Python3|Golang,C|C++|C#|Java|JavaScript|Python3|Golang|Rust,C|C++|C#|Java|JavaScript|Python3|Golang|Rust,Rust,,
2529,8,8,8,1,1,C|C++|C#|Java|JavaScript|Python3|Golang|Rust,C|C++|C#|Java|JavaScript|Python3|Golang|Rust,C|C++|C#|Java|JavaScript|Python3|Golang|Rust,,,
2530,7,8,8,0,1,C|C++|C#|Java|JavaScript|Python3|Golang,C|C++|C#|Java|JavaScript|Python3|Golang|Rust,C|C++|C#|Java|JavaScript|Python3|Golang|Rust,Rust,,
2535,8,8,8,1,1,C|C++|C#|Java|JavaScript|Python3|Golang|Rust,C|C++|C#|Java|JavaScript|Python3|Golang|Rust,C|C++|C#|Java|JavaScript|Python3|Golang|Rust,,,
2537,8,8,8,1,1,C|C++|C#|Java|JavaScript|Python3|Golang|Rust,C|C++|C#|Java|JavaScript|Python3|Golang|Rust,C|C++|C#|Java|JavaScript|Python3|Golang|Rust,,,
2544,7,8,8,0,1,C|C++|C#|Java|JavaScript|Python3|Golang,C|C++|C#|Java|JavaScript|Python3|Golang|Rust,C|C++|C#|Java|JavaScript|Python3|Golang|Rust,Rust,,
2549,8,8,8,1,1,C|C++|C#|Java|JavaScript|Python3|Golang|Rust,C|C++|C#|Java|JavaScript|Python3|Golang|Rust,C|C++|C#|Java|JavaScript|Python3|Golang|Rust,,,
2552,8,8,8,1,1,C|C++|C#|Java|JavaScript|Python3|Golang|Rust,C|C++|C#|Java|JavaScript|Python3|Golang|Rust,C|C++|C#|Java|JavaScript|Python3|Golang|Rust,,,
2555,8,8,8,1,1,C|C++|C#|Java|JavaScript|Python3|Golang|Rust,C|C++|C#|Java|JavaScript|Python3|Golang|Rust,C|C++|C#|Java|JavaScript|Python3|Golang|Rust,,,
2558,7,8,8,0,1,C|C++|C#|Java|JavaScript|Python3|Golang,C|C++|C#|Java|JavaScript|Python3|Golang|Rust,C|C++|C#|Java|JavaScript|Python3|Golang|Rust,Rust,,
2559,7,8,8,0,1,C|C++|C#|Java|JavaScript|Python3|Golang,C|C++|C#|Java|JavaScript|Python3|Golang|Rust,C|C++|C#|Java|JavaScript|Python3|Golang|Rust,Rust,,
2560,7,8,8,0,1,C|C++|C#|Java|JavaScript|Python3|Golang,C|C++|C#|Java|JavaScript|Python3|Golang|Rust,C|C++|C#|Java|JavaScript|Python3|Golang|Rust,Rust,,
2561,8,8,8,1,1,C|C++|C#|Java|JavaScript|Python3|Golang|Rust,C|C++|C#|Java|JavaScript|Python3|Golang|Rust,C|C++|C#|Java|JavaScript|Python3|Golang|Rust,,,
2562,7,8,8,0,1,C|C++|C#|Java|JavaScript|Python3|Golang,C|C++|C#|Java|JavaScript|Python3|Golang|Rust,C|C++|C#|Java|JavaScript|Python3|Golang|Rust,Rust,,
2563,8,8,8,1,1,C|C++|C#|Java|JavaScript|Python3|Golang|Rust,C|C++|C#|Java|JavaScript|Python3|Golang|Rust,C|C++|C#|Java|JavaScript|Python3|Golang|Rust,,,
2566,8,8,8,1,1,C|C++|C#|Java|JavaScript|Python3|Golang|Rust,C|C++|C#|Java|JavaScript|Python3|Golang|Rust,C|C++|C#|Java|JavaScript|Python3|Golang|Rust,,,
2569,7,8,8,0,1,C|C++|C#|Java|JavaScript|Python3|Golang,C|C++|C#|Java|JavaScript|Python3|Golang|Rust,C|C++|C#|Java|JavaScript|Python3|Golang|Rust,Rust,,
2575,8,8,8,1,1,C|C++|C#|Java|JavaScript|Python3|Golang|Rust,C|C++|C#|Java|JavaScript|Python3|Golang|Rust,C|C++|C#|Java|JavaScript|Python3|Golang|Rust,,,
2576,8,8,8,1,1,C|C++|C#|Java|JavaScript|Python3|Golang|Rust,C|C++|C#|Java|JavaScript|Python3|Golang|Rust,C|C++|C#|Java|JavaScript|Python3|Golang|Rust,,,
2578,7,8,8,0,1,C|C++|C#|Java|JavaScript|Python3|Golang,C|C++|C#|Java|JavaScript|Python3|Golang|Rust,C|C++|C#|Java|JavaScript|Python3|Golang|Rust,Rust,,
2580,8,8,8,1,1,C|C++|C#|Java|JavaScript|Python3|Golang|Rust,C|C++|C#|Java|JavaScript|Python3|Golang|Rust,C|C++|C#|Java|JavaScript|Python3|Golang|Rust,,,
2582,7,8,8,0,1,C|C++|C#|Java|JavaScript|Python3|Golang,C|C++|C#|Java|JavaScript|Python3|Golang|Rust,C|C++|C#|Java|JavaScript|Python3|Golang|Rust,Rust,,
2586,7,8,8,0,1,C|C++|C#|Java|JavaScript|Python3|Golang,C|C++|C#|Java|JavaScript|Python3|Golang|Rust,C|C++|C#|Java|JavaScript|Python3|Golang|Rust,Rust,,
2588,8,8,8,1,1,C|C++|C#|Java|JavaScript|Python3|Golang|Rust,C|C++|C#|Java|JavaScript|Python3|Golang|Rust,C|C++|C#|Java|JavaScript|Python3|Golang|Rust,,,
2589,8,8,8,1,1,C|C++|C#|Java|JavaScript|Python3|Golang|Rust,C|C++|C#|Java|JavaScript|Python3|Golang|Rust,C|C++|C#|Java|JavaScript|Python3|Golang|Rust,,,
2591,7,8,8,0,1,C|C++|C#|Java|JavaScript|Python3|Golang,C|C++|C#|Java|JavaScript|Python3|Golang|Rust,C|C++|C#|Java|JavaScript|Python3|Golang|Rust,Rust,,
2594,7,8,8,0,1,C|C++|C#|Java|JavaScript|Python3|Golang,C|C++|C#|Java|JavaScript|Python3|Golang|Rust,C|C++|C#|Java|JavaScript|Python3|Golang|Rust,Rust,,
2595,8,8,8,1,1,C|C++|C#|Java|JavaScript|Python3|Golang|Rust,C|C++|C#|Java|JavaScript|Python3|Golang|Rust,C|C++|C#|Java|JavaScript|Python3|Golang|Rust,,,
2597,8,8,8,1,1,C|C++|C#|Java|JavaScript|Python3|Golang|Rust,C|C++|C#|Java|JavaScript|Python3|Golang|Rust,C|C++|C#|Java|JavaScript|Python3|Golang|Rust,,,
2600,7,8,8,0,1,C|C++|C#|Java|JavaScript|Python3|Golang,C|C++|C#|Java|JavaScript|Python3|Golang|Rust,C|C++|C#|Java|JavaScript|Python3|Golang|Rust,Rust,,
2605,7,8,8,0,1,C|C++|C#|Java|JavaScript|Python3|Golang,C|C++|C#|Java|JavaScript|Python3|Golang|Rust,C|C++|C#|Java|JavaScript|Python3|Golang|Rust,Rust,,
2609,7,8,8,0,1,C|C++|C#|Java|JavaScript|Python3|Golang,C|C++|C#|Java|JavaScript|Python3|Golang|Rust,C|C++|C#|Java|JavaScript|Python3|Golang|Rust,Rust,,
2610,8,8,8,1,1,C|C++|C#|Java|JavaScript|Python3|Golang|Rust,C|C++|C#|Java|JavaScript|Python3|Golang|Rust,C|C++|C#|Java|JavaScript|Python3|Golang|Rust,,,
2611,7,8,8,0,1,C|C++|C#|Java|JavaScript|Python3|Golang,C|C++|C#|Java|JavaScript|Python3|Golang|Rust,C|C++|C#|Java|JavaScript|Python3|Golang|Rust,Rust,,
2612,8,8,8,1,1,C|C++|C#|Java|JavaScript|Python3|Golang|Rust,C|C++|C#|Java|JavaScript|Python3|Golang|Rust,C|C++|C#|Java|JavaScript|Python3|Golang|Rust,,,
2616,8,8,8,1,1,C|C++|C#|Java|JavaScript|Python3|Golang|Rust,C|C++|C#|Java|JavaScript|Python3|Golang|Rust,C|C++|C#|Java|JavaScript|Python3|Golang|Rust,,,
2643,8,8,8,1,1,C|C++|C#|Java|JavaScript|Python3|Golang|Rust,C|C++|C#|Java|JavaScript|Python3|Golang|Rust,C|C++|C#|Java|JavaScript|Python3|Golang|Rust,,,
2644,8,8,8,1,1,C|C++|C#|Java|JavaScript|Python3|Golang|Rust,C|C++|C#|Java|JavaScript|Python3|Golang|Rust,C|C++|C#|Java|JavaScript|Python3|Golang|Rust,,,
2645,7,8,8,0,1,C|C++|C#|Java|JavaScript|Python3|Golang,C|C++|C#|Java|JavaScript|Python3|Golang|Rust,C|C++|C#|Java|JavaScript|Python3|Golang|Rust,Rust,,
2651,7,8,8,0,1,C|C++|C#|Java|JavaScript|Python3|Golang,C|C++|C#|Java|JavaScript|Python3|Golang|Rust,C|C++|C#|Java|JavaScript|Python3|Golang|Rust,Rust,,
2652,7,8,8,0,1,C|C++|C#|Java|JavaScript|Python3|Golang,C|C++|C#|Java|JavaScript|Python3|Golang|Rust,C|C++|C#|Java|JavaScript|Python3|Golang|Rust,Rust,,
2656,7,8,8,0,1,C|C++|C#|Java|JavaScript|Python3|Golang,C|C++|C#|Java|JavaScript|Python3|Golang|Rust,C|C++|C#|Java|JavaScript|Python3|Golang|Rust,Rust,,
2660,7,8,8,0,1,C|C++|C#|Java|JavaScript|Python3|Golang,C|C++|C#|Java|JavaScript|Python3|Golang|Rust,C|C++|C#|Java|JavaScript|Python3|Golang|Rust,Rust,,
2663,8,8,8,1,1,C|C++|C#|Java|JavaScript|Python3|Golang|Rust,C|C++|C#|Java|JavaScript|Python3|Golang|Rust,C|C++|C#|Java|JavaScript|Python3|Golang|Rust,,,
2670,7,8,8,0,1,C|C++|C#|Java|JavaScript|Python3|Golang,C|C++|C#|Java|JavaScript|Python3|Golang|Rust,C|C++|C#|Java|JavaScript|Python3|Golang|Rust,Rust,,
2671,8,8,8,1,1,C|C++|C#|Java|JavaScript|Python3|Golang|Rust,C|C++|C#|Java|JavaScript|Python3|Golang|Rust,C|C++|C#|Java|JavaScript|Python3|Golang|Rust,,,
2678,7,8,8,0,1,C|C++|C#|Java|JavaScript|Python3|Golang,C|C++|C#|Java|JavaScript|Python3|Golang|Rust,C|C++|C#|Java|JavaScript|Python3|Golang|Rust,Rust,,
2679,7,8,8,0,1,C|C++|C#|Java|JavaScript|Python3|Golang,C|C++|C#|Java|JavaScript|Python3|Golang|Rust,C|C++|C#|Java|JavaScript|Python3|Golang|Rust,Rust,,
2680,8,8,8,1,1,C|C++|C#|Java|JavaScript|Python3|Golang|Rust,C|C++|C#|Java|JavaScript|Python3|Golang|Rust,C|C++|C#|Java|JavaScript|Python3|Golang|Rust,,,
2681,7,8,8,0,1,C|C++|C#|Java|JavaScript|Python3|Golang,C|C++|C#|Java|JavaScript|Python3|Golang|Rust,C|C++|C#|Java|JavaScript|Python3|Golang|Rust,Rust,,
2682,7,8,8,0,1,C|C++|C#|Java|JavaScript|Python3|Golang,C|C++|C#|Java|JavaScript|Python3|Golang|Rust,C|C++|C#|Java|JavaScript|Python3|Golang|Rust,Rust,,
2696,7,8,8,0,1,C|C++|C#|Java|JavaScript|Python3|Golang,C|C++|C#|Java|JavaScript|Python3|Golang|Rust,C|C++|C#|Java|JavaScript|Python3|Golang|Rust,Rust,,
2697,7,8,8,0,1,C|C++|C#|Java|JavaScript|Python3|Golang,C|C++|C#|Java|JavaScript|Python3|Golang|Rust,C|C++|C#|Java|JavaScript|Python3|Golang|Rust,Rust,,
2698,7,8,8,0,1,C|C++|C#|Java|JavaScript|Python3|Golang,C|C++|C#|Java|JavaScript|Python3|Golang|Rust,C|C++|C#|Java|JavaScript|Python3|Golang|Rust,Rust,,
2706,7,8,8,0,1,C|C++|C#|Java|JavaScript|Python3|Golang,C|C++|C#|Java|JavaScript|Python3|Golang|Rust,C|C++|C#|Java|JavaScript|Python3|Golang|Rust,Rust,,
2707,5,8,8,0,1,C++|C#|Java|Python3|Golang,C|C++|C#|Java|JavaScript|Python3|Golang|Rust,C|C++|C#|Java|JavaScript|Python3|Golang|Rust,C|JavaScript|Rust,,
2708,8,8,8,1,1,C|C++|C#|Java|JavaScript|Python3|Golang|Rust,C|C++|C#|Java|JavaScript|Python3|Golang|Rust,C|C++|C#|Java|JavaScript|Python3|Golang|Rust,,,
2710,8,8,8,1,1,C|C++|C#|Java|JavaScript|Python3|Golang|Rust,C|C++|C#|Java|JavaScript|Python3|Golang|Rust,C|C++|C#|Java|JavaScript|Python3|Golang|Rust,,,
2712,8,8,8,1,1,C|C++|C#|Java|JavaScript|Python3|Golang|Rust,C|C++|C#|Java|JavaScript|Python3|Golang|Rust,C|C++|C#|Java|JavaScript|Python3|Golang|Rust,,,
2716,7,8,8,0,1,C|C++|C#|Java|JavaScript|Golang|Rust,C|C++|C#|Java|JavaScript|Python3|Golang|Rust,C|C++|C#|Java|JavaScript|Python3|Golang|Rust,Python3,,
2717,8,8,8,1,1,C|C++|C#|Java|JavaScript|Python3|Golang|Rust,C|C++|C#|Java|JavaScript|Python3|Golang|Rust,C|C++|C#|Java|JavaScript|Python3|Golang|Rust,,,
2719,7,8,8,0,1,C|C++|C#|Java|JavaScript|Python3|Golang,C|C++|C#|Java|JavaScript|Python3|Golang|Rust,C|C++|C#|Java|JavaScript|Python3|Golang|Rust,Rust,,
2731,7,8,8,0,1,C|C++|C#|Java|JavaScript|Python3|Golang,C|C++|C#|Java|JavaScript|Python3|Golang|Rust,C|C++|C#|Java|JavaScript|Python3|Golang|Rust,Rust,,
2732,8,8,8,1,1,C|C++|C#|Java|JavaScript|Python3|Golang|Rust,C|C++|C#|Java|JavaScript|Python3|Golang|Rust,C|C++|C#|Java|JavaScript|Python3|Golang|Rust,,,
2734,8,8,8,1,1,C|C++|C#|Java|JavaScript|Python3|Golang|Rust,C|C++|C#|Java|JavaScript|Python3|Golang|Rust,C|C++|C#|Java|JavaScript|Python3|Golang|Rust,,,
2735,7,8,8,0,1,C|C++|C#|Java|JavaScript|Python3|Golang,C|C++|C#|Java|JavaScript|Python3|Golang|Rust,C|C++|C#|Java|JavaScript|Python3|Golang|Rust,Rust,,
2736,7,8,8,0,1,C|C++|C#|Java|JavaScript|Python3|Golang,C|C++|C#|Java|JavaScript|Python3|Golang|Rust,C|C++|C#|Java|JavaScript|Python3|Golang|Rust,Rust,,
2739,8,8,8,1,1,C|C++|C#|Java|JavaScript|Python3|Golang|Rust,C|C++|C#|Java|JavaScript|Python3|Golang|Rust,C|C++|C#|Java|JavaScript|Python3|Golang|Rust,,,
2740,8,8,8,1,1,C|C++|C#|Java|JavaScript|Python3|Golang|Rust,C|C++|C#|Java|JavaScript|Python3|Golang|Rust,C|C++|C#|Java|JavaScript|Python3|Golang|Rust,,,
2741,8,8,8,1,1,C|C++|C#|Java|JavaScript|Python3|Golang|Rust,C|C++|C#|Java|JavaScript|Python3|Golang|Rust,C|C++|C#|Java|JavaScript|Python3|Golang|Rust,,,
2742,8,8,8,1,1,C|C++|C#|Java|JavaScript|Python3|Golang|Rust,C|C++|C#|Java|JavaScript|Python3|Golang|Rust,C|C++|C#|Java|JavaScript|Python3|Golang|Rust,,,
2744,8,8,8,1,1,C|C++|C#|Java|JavaScript|Python3|Golang|Rust,C|C++|C#|Java|JavaScript|Python3|Golang|Rust,C|C++|C#|Java|JavaScript|Python3|Golang|Rust,,,
2748,8,8,8,1,1,C|C++|C#|Java|JavaScript|Python3|Golang|Rust,C|C++|C#|Java|JavaScript|Python3|Golang|Rust,C|C++|C#|Java|JavaScript|Python3|Golang|Rust,,,
2749,8,8,8,1,1,C|C++|C#|Java|JavaScript|Python3|Golang|Rust,C|C++|C#|Java|JavaScript|Python3|Golang|Rust,C|C++|C#|Java|JavaScript|Python3|Golang|Rust,,,
2760,7,8,8,0,1,C|C++|C#|Java|JavaScript|Python3|Golang,C|C++|C#|Java|JavaScript|Python3|Golang|Rust,C|C++|C#|Java|JavaScript|Python3|Golang|Rust,Rust,,
2765,8,8,8,1,1,C|C++|C#|Java|JavaScript|Python3|Golang|Rust,C|C++|C#|Java|JavaScript|Python3|Golang|Rust,C|C++|C#|Java|JavaScript|Python3|Golang|Rust,,,
2766,8,8,8,1,1,C|C++|C#|Java|JavaScript|Python3|Golang|Rust,C|C++|C#|Java|JavaScript|Python3|Golang|Rust,C|C++|C#|Java|JavaScript|Python3|Golang|Rust,,,
2769,8,8,8,1,1,C|C++|C#|Java|JavaScript|Python3|Golang|Rust,C|C++|C#|Java|JavaScript|Python3|Golang|Rust,C|C++|C#|Java|JavaScript|Python3|Golang|Rust,,,
2779,8,8,8,1,1,C|C++|C#|Java|JavaScript|Python3|Golang|Rust,C|C++|C#|Java|JavaScript|Python3|Golang|Rust,C|C++|C#|Java|JavaScript|Python3|Golang|Rust,,,
2785,7,8,8,0,1,C|C++|C#|Java|JavaScript|Golang|Rust,C|C++|C#|Java|JavaScript|Python3|Golang|Rust,C|C++|C#|Java|JavaScript|Python3|Golang|Rust,Python3,,
2786,8,8,8,1,1,C|C++|C#|Java|JavaScript|Python3|Golang|Rust,C|C++|C#|Java|JavaScript|Python3|Golang|Rust,C|C++|C#|Java|JavaScript|Python3|Golang|Rust,,,
2787,8,8,8,1,1,C|C++|C#|Java|JavaScript|Python3|Golang|Rust,C|C++|C#|Java|JavaScript|Python3|Golang|Rust,C|C++|C#|Java|JavaScript|Python3|Golang|Rust,,,
2788,7,8,8,0,1,C|C++|C#|Java|JavaScript|Python3|Golang,C|C++|C#|Java|JavaScript|Python3|Golang|Rust,C|C++|C#|Java|JavaScript|Python3|Golang|Rust,Rust,,
2789,8,8,8,1,1,C|C++|C#|Java|JavaScript|Python3|Golang|Rust,C|C++|C#|Java|JavaScript|Python3|Golang|Rust,C|C++|C#|Java|JavaScript|Python3|Golang|Rust,,,
2798,8,8,8,1,1,C|C++|C#|Java|JavaScript|Python3|Golang|Rust,C|C++|C#|Java|JavaScript|Python3|Golang|Rust,C|C++|C#|Java|JavaScript|Python3|Golang|Rust,,,
2799,8,8,8,1,1,C|C++|C#|Java|JavaScript|Python3|Golang|Rust,C|C++|C#|Java|JavaScript|Python3|Golang|Rust,C|C++|C#|Java|JavaScript|Python3|Golang|Rust,,,
2806,8,8,8,1,1,C|C++|C#|Java|JavaScript|Python3|Golang|Rust,C|C++|C#|Java|JavaScript|Python3|Golang|Rust,C|C++|C#|Java|JavaScript|Python3|Golang|Rust,,,
2808,7,8,8,0,1,C|C++|C#|Java|JavaScript|Python3|Golang,C|C++|C#|Java|JavaScript|Python3|Golang|Rust,C|C++|C#|Java|JavaScript|Python3|Golang|Rust,Rust,,
2809,7,8,8,0,1,C|C++|C#|Java|JavaScript|Python3|Golang,C|C++|C#|Java|JavaScript|Python3|Golang|Rust,C|C++|C#|Java|JavaScript|Python3|Golang|Rust,Rust,,
2810,7,8,8,0,1,C|C++|Java|JavaScript|Python3|Golang|Rust,C|C++|C#|Java|JavaScript|Python3|Golang|Rust,C|C++|C#|Java|JavaScript|Python3|Golang|Rust,C#,,
2813,8,8,8,1,1,C|C++|C#|Java|JavaScript|Python3|Golang|Rust,C|C++|C#|Java|JavaScript|Python3|Golang|Rust,C|C++|C#|Java|JavaScript|Python3|Golang|Rust,,,
2824,7,8,8,0,1,C|C++|C#|Java|JavaScript|Python3|Golang,C|C++|C#|Java|JavaScript|Python3|Golang|Rust,C|C++|C#|Java|JavaScript|Python3|Golang|Rust,Rust,,
2828,7,8,8,0,1,C|C++|C#|Java|JavaScript|Python3|Golang,C|C++|C#|Java|JavaScript|Python3|Golang|Rust,C|C++|C#|Java|JavaScript|Python3|Golang|Rust,Rust,,
2829,8,8,8,1,1,C|C++|C#|Java|JavaScript|Python3|Golang|Rust,C|C++|C#|Java|JavaScript|Python3|Golang|Rust,C|C++|C#|Java|JavaScript|Python3|Golang|Rust,,,
2831,8,8,8,1,1,C|C++|C#|Java|JavaScript|Python3|Golang|Rust,C|C++|C#|Java|JavaScript|Python3|Golang|Rust,C|C++|C#|Java|JavaScript|Python3|Golang|Rust,,,
2834,8,8,8,1,1,C|C++|C#|Java|JavaScript|Python3|Golang|Rust,C|C++|C#|Java|JavaScript|Python3|Golang|Rust,C|C++|C#|Java|JavaScript|Python3|Golang|Rust,,,
2843,8,8,8,1,1,C|C++|C#|Java|JavaScript|Python3|Golang|Rust,C|C++|C#|Java|JavaScript|Python3|Golang|Rust,C|C++|C#|Java|JavaScript|Python3|Golang|Rust,,,
2844,8,8,8,1,1,C|C++|C#|Java|JavaScript|Python3|Golang|Rust,C|C++|C#|Java|JavaScript|Python3|Golang|Rust,C|C++|C#|Java|JavaScript|Python3|Golang|Rust,,,
2845,8,8,8,1,1,C|C++|C#|Java|JavaScript|Python3|Golang|Rust,C|C++|C#|Java|JavaScript|Python3|Golang|Rust,C|C++|C#|Java|JavaScript|Python3|Golang|Rust,,,
2848,8,8,8,1,1,C|C++|C#|Java|JavaScript|Python3|Golang|Rust,C|C++|C#|Java|JavaScript|Python3|Golang|Rust,C|C++|C#|Java|JavaScript|Python3|Golang|Rust,,,
2859,7,8,8,0,1,C|C++|C#|Java|JavaScript|Python3|Golang,C|C++|C#|Java|JavaScript|Python3|Golang|Rust,C|C++|C#|Java|JavaScript|Python3|Golang|Rust,Rust,,
2860,8,8,8,1,1,C|C++|C#|Java|JavaScript|Python3|Golang|Rust,C|C++|C#|Java|JavaScript|Python3|Golang|Rust,C|C++|C#|Java|JavaScript|Python3|Golang|Rust,,,
2861,7,8,8,0,1,C|C++|C#|Java|JavaScript|Python3|Golang,C|C++|C#|Java|JavaScript|Python3|Golang|Rust,C|C++|C#|Java|JavaScript|Python3|Golang|Rust,Rust,,
2864,8,8,8,1,1,C|C++|C#|Java|JavaScript|Python3|Golang|Rust,C|C++|C#|Java|JavaScript|Python3|Golang|Rust,C|C++|C#|Java|JavaScript|Python3|Golang|Rust,,,
2865,7,8,8,0,1,C|C++|C#|Java|JavaScript|Python3|Golang,C|C++|C#|Java|JavaScript|Python3|Golang|Rust,C|C++|C#|Java|JavaScript|Python3|Golang|Rust,Rust,,
2866,7,8,8,0,1,C|C++|C#|Java|JavaScript|Python3|Golang,C|C++|C#|Java|JavaScript|Python3|Golang|Rust,C|C++|C#|Java|JavaScript|Python3|Golang|Rust,Rust,,
2873,8,8,8,1,1,C|C++|C#|Java|JavaScript|Python3|Golang|Rust,C|C++|C#|Java|JavaScript|Python3|Golang|Rust,C|C++|C#|Java|JavaScript|Python3|Golang|Rust,,,
2874,8,8,8,1,1,C|C++|C#|Java|JavaScript|Python3|Golang|Rust,C|C++|C#|Java|JavaScript|Python3|Golang|Rust,C|C++|C#|Java|JavaScript|Python3|Golang|Rust,,,
2894,8,8,8,1,1,C|C++|C#|Java|JavaScript|Python3|Golang|Rust,C|C++|C#|Java|JavaScript|Python3|Golang|Rust,C|C++|C#|Java|JavaScript|Python3|Golang|Rust,,,
2900,8,8,8,1,1,C|C++|C#|Java|JavaScript|Python3|Golang|Rust,C|C++|C#|Java|JavaScript|Python3|Golang|Rust,C|C++|C#|Java|JavaScript|Python3|Golang|Rust,,,
2901,8,8,8,1,1,C|C++|C#|Java|JavaScript|Python3|Golang|Rust,C|C++|C#|Java|JavaScript|Python3|Golang|Rust,C|C++|C#|Java|JavaScript|Python3|Golang|Rust,,,
2903,8,8,8,1,1,C|C++|C#|Java|JavaScript|Python3|Golang|Rust,C|C++|C#|Java|JavaScript|Python3|Golang|Rust,C|C++|C#|Java|JavaScript|Python3|Golang|Rust,,,
2908,8,8,8,1,1,C|C++|C#|Java|JavaScript|Python3|Golang|Rust,C|C++|C#|Java|JavaScript|Python3|Golang|Rust,C|C++|C#|Java|JavaScript|Python3|Golang|Rust,,,
2917,8,8,8,1,1,C|C++|C#|Java|JavaScript|Python3|Golang|Rust,C|C++|C#|Java|JavaScript|Python3|Golang|Rust,C|C++|C#|Java|JavaScript|Python3|Golang|Rust,,,
2918,8,8,8,1,1,C|C++|C#|Java|JavaScript|Python3|Golang|Rust,C|C++|C#|Java|JavaScript|Python3|Golang|Rust,C|C++|C#|Java|JavaScript|Python3|Golang|Rust,,,
2923,8,8,8,1,1,C|C++|C#|Java|JavaScript|Python3|Golang|Rust,C|C++|C#|Java|JavaScript|Python3|Golang|Rust,C|C++|C#|Java|JavaScript|Python3|Golang|Rust,,,
2928,8,8,8,1,1,C|C++|C#|Java|JavaScript|Python3|Golang|Rust,C|C++|C#|Java|JavaScript|Python3|Golang|Rust,C|C++|C#|Java|JavaScript|Python3|Golang|Rust,,,
2929,8,8,8,1,1,C|C++|C#|Java|JavaScript|Python3|Golang|Rust,C|C++|C#|Java|JavaScript|Python3|Golang|Rust,C|C++|C#|Java|JavaScript|Python3|Golang|Rust,,,
2931,8,8,8,1,1,C|C++|C#|Java|JavaScript|Python3|Golang|Rust,C|C++|C#|Java|JavaScript|Python3|Golang|Rust,C|C++|C#|Java|JavaScript|Python3|Golang|Rust,,,
2938,8,8,8,1,1,C|C++|C#|Java|JavaScript|Python3|Golang|Rust,C|C++|C#|Java|JavaScript|Python3|Golang|Rust,C|C++|C#|Java|JavaScript|Python3|Golang|Rust,,,
2940,8,8,8,1,1,C|C++|C#|Java|JavaScript|Python3|Golang|Rust,C|C++|C#|Java|JavaScript|Python3|Golang|Rust,C|C++|C#|Java|JavaScript|Python3|Golang|Rust,,,
2942,8,8,8,1,1,C|C++|C#|Java|JavaScript|Python3|Golang|Rust,C|C++|C#|Java|JavaScript|Python3|Golang|Rust,C|C++|C#|Java|JavaScript|Python3|Golang|Rust,,,
2944,8,8,8,1,1,C|C++|C#|Java|JavaScript|Python3|Golang|Rust,C|C++|C#|Java|JavaScript|Python3|Golang|Rust,C|C++|C#|Java|JavaScript|Python3|Golang|Rust,,,
2951,8,8,8,1,1,C|C++|C#|Java|JavaScript|Python3|Golang|Rust,C|C++|C#|Java|JavaScript|Python3|Golang|Rust,C|C++|C#|Java|JavaScript|Python3|Golang|Rust,,,
2952,6,8,8,0,1,C|C++|C#|Java|JavaScript|Python3,C|C++|C#|Java|JavaScript|Python3|Golang|Rust,C|C++|C#|Java|JavaScript|Python3|Golang|Rust,Golang|Rust,,
2960,8,8,8,1,1,C|C++|C#|Java|JavaScript|Python3|Golang|Rust,C|C++|C#|Java|JavaScript|Python3|Golang|Rust,C|C++|C#|Java|JavaScript|Python3|Golang|Rust,,,
2961,8,8,8,1,1,C|C++|C#|Java|JavaScript|Python3|Golang|Rust,C|C++|C#|Java|JavaScript|Python3|Golang|Rust,C|C++|C#|Java|JavaScript|Python3|Golang|Rust,,,
2962,8,8,8,1,1,C|C++|C#|Java|JavaScript|Python3|Golang|Rust,C|C++|C#|Java|JavaScript|Python3|Golang|Rust,C|C++|C#|Java|JavaScript|Python3|Golang|Rust,,,
2965,8,8,8,1,1,C|C++|C#|Java|JavaScript|Python3|Golang|Rust,C|C++|C#|Java|JavaScript|Python3|Golang|Rust,C|C++|C#|Java|JavaScript|Python3|Golang|Rust,,,
2966,8,8,8,1,1,C|C++|C#|Java|JavaScript|Python3|Golang|Rust,C|C++|C#|Java|JavaScript|Python3|Golang|Rust,C|C++|C#|Java|JavaScript|Python3|Golang|Rust,,,
2970,8,8,8,1,1,C|C++|C#|Java|JavaScript|Python3|Golang|Rust,C|C++|C#|Java|JavaScript|Python3|Golang|Rust,C|C++|C#|Java|JavaScript|Python3|Golang|Rust,,,
2972,8,8,8,1,1,C|C++|C#|Java|JavaScript|Python3|Golang|Rust,C|C++|C#|Java|JavaScript|Python3|Golang|Rust,C|C++|C#|Java|JavaScript|Python3|Golang|Rust,,,
2974,8,8,8,1,1,C|C++|C#|Java|JavaScript|Python3|Golang|Rust,C|C++|C#|Java|JavaScript|Python3|Golang|Rust,C|C++|C#|Java|JavaScript|Python3|Golang|Rust,,,
2981,8,8,8,1,1,C|C++|C#|Java|JavaScript|Python3|Golang|Rust,C|C++|C#|Java|JavaScript|Python3|Golang|Rust,C|C++|C#|Java|JavaScript|Python3|Golang|Rust,,,
2982,8,8,8,1,1,C|C++|C#|Java|JavaScript|Python3|Golang|Rust,C|C++|C#|Java|JavaScript|Python3|Golang|Rust,C|C++|C#|Java|JavaScript|Python3|Golang|Rust,,,
2999,8,8,8,1,1,C|C++|C#|Java|JavaScript|Python3|Golang|Rust,C|C++|C#|Java|JavaScript|Python3|Golang|Rust,C|C++|C#|Java|JavaScript|Python3|Golang|Rust,,,
3000,8,8,8,1,1,C|C++|C#|Java|JavaScript|Python3|Golang|Rust,C|C++|C#|Java|JavaScript|Python3|Golang|Rust,C|C++|C#|Java|JavaScript|Python3|Golang|Rust,,,
3005,8,8,8,1,1,C|C++|C#|Java|JavaScript|Python3|Golang|Rust,C|C++|C#|Java|JavaScript|Python3|Golang|Rust,C|C++|C#|Java|JavaScript|Python3|Golang|Rust,,,
3007,7,8,8,0,1,C|C++|Java|JavaScript|Python3|Golang|Rust,C|C++|C#|Java|JavaScript|Python3|Golang|Rust,C|C++|C#|Java|JavaScript|Python3|Golang|Rust,C#,,
3011,7,8,8,0,1,C|C++|Java|JavaScript|Python3|Golang|Rust,C|C++|C#|Java|JavaScript|Python3|Golang|Rust,C|C++|C#|Java|JavaScript|Python3|Golang|Rust,C#,,
3019,8,8,8,1,1,C|C++|C#|Java|JavaScript|Python3|Golang|Rust,C|C++|C#|Java|JavaScript|Python3|Golang|Rust,C|C++|C#|Java|JavaScript|Python3|Golang|Rust,,,
3024,8,8,8,1,1,C|C++|C#|Java|JavaScript|Python3|Golang|Rust,C|C++|C#|Java|JavaScript|Python3|Golang|Rust,C|C++|C#|Java|JavaScript|Python3|Golang|Rust,,,
3038,8,8,8,1,1,C|C++|C#|Java|JavaScript|Python3|Golang|Rust,C|C++|C#|Java|JavaScript|Python3|Golang|Rust,C|C++|C#|Java|JavaScript|Python3|Golang|Rust,,,
3040,8,8,8,1,1,C|C++|C#|Java|JavaScript|Python3|Golang|Rust,C|C++|C#|Java|JavaScript|Python3|Golang|Rust,C|C++|C#|Java|JavaScript|Python3|Golang|Rust,,,
3046,8,8,8,1,1,C|C++|C#|Java|JavaScript|Python3|Golang|Rust,C|C++|C#|Java|JavaScript|Python3|Golang|Rust,C|C++|C#|Java|JavaScript|Python3|Golang|Rust,,,
3065,8,8,8,1,1,C|C++|C#|Java|JavaScript|Python3|Golang|Rust,C|C++|C#|Java|JavaScript|Python3|Golang|Rust,C|C++|C#|Java|JavaScript|Python3|Golang|Rust,,,
3066,8,8,8,1,1,C|C++|C#|Java|JavaScript|Python3|Golang|Rust,C|C++|C#|Java|JavaScript|Python3|Golang|Rust,C|C++|C#|Java|JavaScript|Python3|Golang|Rust,,,
3072,8,8,8,1,1,C|C++|C#|Java|JavaScript|Python3|Golang|Rust,C|C++|C#|Java|JavaScript|Python3|Golang|Rust,C|C++|C#|Java|JavaScript|Python3|Golang|Rust,,,
3083,8,8,8,1,1,C|C++|C#|Java|JavaScript|Python3|Golang|Rust,C|C++|C#|Java|JavaScript|Python3|Golang|Rust,C|C++|C#|Java|JavaScript|Python3|Golang|Rust,,,
3085,8,8,8,1,1,C|C++|C#|Java|JavaScript|Python3|Golang|Rust,C|C++|C#|Java|JavaScript|Python3|Golang|Rust,C|C++|C#|Java|JavaScript|Python3|Golang|Rust,,,
3086,8,8,8,1,1,C|C++|C#|Java|JavaScript|Python3|Golang|Rust,C|C++|C#|Java|JavaScript|Python3|Golang|Rust,C|C++|C#|Java|JavaScript|Python3|Golang|Rust,,,
3095,8,8,8,1,1,C|C++|C#|Java|JavaScript|Python3|Golang|Rust,C|C++|C#|Java|JavaScript|Python3|Golang|Rust,C|C++|C#|Java|JavaScript|Python3|Golang|Rust,,,
3096,8,8,8,1,1,C|C++|C#|Java|JavaScript|Python3|Golang|Rust,C|C++|C#|Java|JavaScript|Python3|Golang|Rust,C|C++|C#|Java|JavaScript|Python3|Golang|Rust,,,
3097,8,8,8,1,1,C|C++|C#|Java|JavaScript|Python3|Golang|Rust,C|C++|C#|Java|JavaScript|Python3|Golang|Rust,C|C++|C#|Java|JavaScript|Python3|Golang|Rust,,,
3098,8,8,8,1,1,C|C++|C#|Java|JavaScript|Python3|Golang|Rust,C|C++|C#|Java|JavaScript|Python3|Golang|Rust,C|C++|C#|Java|JavaScript|Python3|Golang|Rust,,,
3099,8,8,8,1,1,C|C++|C#|Java|JavaScript|Python3|Golang|Rust,C|C++|C#|Java|JavaScript|Python3|Golang|Rust,C|C++|C#|Java|JavaScript|Python3|Golang|Rust,,,
3101,8,8,8,1,1,C|C++|C#|Java|JavaScript|Python3|Golang|Rust,C|C++|C#|Java|JavaScript|Python3|Golang|Rust,C|C++|C#|Java|JavaScript|Python3|Golang|Rust,,,
3102,8,8,8,1,1,C|C++|C#|Java|JavaScript|Python3|Golang|Rust,C|C++|C#|Java|JavaScript|Python3|Golang|Rust,C|C++|C#|Java|JavaScript|Python3|Golang|Rust,,,
3106,8,8,8,1,1,C|C++|C#|Java|JavaScript|Python3|Golang|Rust,C|C++|C#|Java|JavaScript|Python3|Golang|Rust,C|C++|C#|Java|JavaScript|Python3|Golang|Rust,,,
3110,8,8,8,1,1,C|C++|C#|Java|JavaScript|Python3|Golang|Rust,C|C++|C#|Java|JavaScript|Python3|Golang|Rust,C|C++|C#|Java|JavaScript|Python3|Golang|Rust,,,
3115,7,8,8,0,1,C|C++|C#|Java|JavaScript|Python3|Rust,C|C++|C#|Java|JavaScript|Python3|Golang|Rust,C|C++|C#|Java|JavaScript|Python3|Golang|Rust,Golang,,
3117,8,8,8,1,1,C|C++|C#|Java|JavaScript|Python3|Golang|Rust,C|C++|C#|Java|JavaScript|Python3|Golang|Rust,C|C++|C#|Java|JavaScript|Python3|Golang|Rust,,,
3127,8,8,8,1,1,C|C++|C#|Java|JavaScript|Python3|Golang|Rust,C|C++|C#|Java|JavaScript|Python3|Golang|Rust,C|C++|C#|Java|JavaScript|Python3|Golang|Rust,,,
3128,8,8,8,1,1,C|C++|C#|Java|JavaScript|Python3|Golang|Rust,C|C++|C#|Java|JavaScript|Python3|Golang|Rust,C|C++|C#|Java|JavaScript|Python3|Golang|Rust,,,
3129,8,8,8,1,1,C|C++|C#|Java|JavaScript|Python3|Golang|Rust,C|C++|C#|Java|JavaScript|Python3|Golang|Rust,C|C++|C#|Java|JavaScript|Python3|Golang|Rust,,,
3130,8,8,8,1,1,C|C++|C#|Java|JavaScript|Python3|Golang|Rust,C|C++|C#|Java|JavaScript|Python3|Golang|Rust,C|C++|C#|Java|JavaScript|Python3|Golang|Rust,,,
3131,8,8,8,1,1,C|C++|C#|Java|JavaScript|Python3|Golang|Rust,C|C++|C#|Java|JavaScript|Python3|Golang|Rust,C|C++|C#|Java|JavaScript|Python3|Golang|Rust,,,
3132,8,8,8,1,1,C|C++|C#|Java|JavaScript|Python3|Golang|Rust,C|C++|C#|Java|JavaScript|Python3|Golang|Rust,C|C++|C#|Java|JavaScript|Python3|Golang|Rust,,,
3133,7,8,8,0,1,C|C++|Java|JavaScript|Python3|Golang|Rust,C|C++|C#|Java|JavaScript|Python3|Golang|Rust,C|C++|C#|Java|JavaScript|Python3|Golang|Rust,C#,,
3134,8,8,8,1,1,C|C++|C#|Java|JavaScript|Python3|Golang|Rust,C|C++|C#|Java|JavaScript|Python3|Golang|Rust,C|C++|C#|Java|JavaScript|Python3|Golang|Rust,,,
3136,8,8,8,1,1,C|C++|C#|Java|JavaScript|Python3|Golang|Rust,C|C++|C#|Java|JavaScript|Python3|Golang|Rust,C|C++|C#|Java|JavaScript|Python3|Golang|Rust,,,
3137,8,8,8,1,1,C|C++|C#|Java|JavaScript|Python3|Golang|Rust,C|C++|C#|Java|JavaScript|Python3|Golang|Rust,C|C++|C#|Java|JavaScript|Python3|Golang|Rust,,,
3138,8,8,8,1,1,C|C++|C#|Java|JavaScript|Python3|Golang|Rust,C|C++|C#|Java|JavaScript|Python3|Golang|Rust,C|C++|C#|Java|JavaScript|Python3|Golang|Rust,,,
3144,8,8,8,1,1,C|C++|C#|Java|JavaScript|Python3|Golang|Rust,C|C++|C#|Java|JavaScript|Python3|Golang|Rust,C|C++|C#|Java|JavaScript|Python3|Golang|Rust,,,
3145,8,8,8,1,1,C|C++|C#|Java|JavaScript|Python3|Golang|Rust,C|C++|C#|Java|JavaScript|Python3|Golang|Rust,C|C++|C#|Java|JavaScript|Python3|Golang|Rust,,,
3146,8,8,8,1,1,C|C++|C#|Java|JavaScript|Python3|Golang|Rust,C|C++|C#|Java|JavaScript|Python3|Golang|Rust,C|C++|C#|Java|JavaScript|Python3|Golang|Rust,,,
3151,8,8,8,1,1,C|C++|C#|Java|JavaScript|Python3|Golang|Rust,C|C++|C#|Java|JavaScript|Python3|Golang|Rust,C|C++|C#|Java|JavaScript|Python3|Golang|Rust,,,
3152,8,8,8,1,1,C|C++|C#|Java|JavaScript|Python3|Golang|Rust,C|C++|C#|Java|JavaScript|Python3|Golang|Rust,C|C++|C#|Java|JavaScript|Python3|Golang|Rust,,,
3153,8,8,8,1,1,C|C++|C#|Java|JavaScript|Python3|Golang|Rust,C|C++|C#|Java|JavaScript|Python3|Golang|Rust,C|C++|C#|Java|JavaScript|Python3|Golang|Rust,,,
3154,8,8,8,1,1,C|C++|C#|Java|JavaScript|Python3|Golang|Rust,C|C++|C#|Java|JavaScript|Python3|Golang|Rust,C|C++|C#|Java|JavaScript|Python3|Golang|Rust,,,
3158,8,8,8,1,1,C|C++|C#|Java|JavaScript|Python3|Golang|Rust,C|C++|C#|Java|JavaScript|Python3|Golang|Rust,C|C++|C#|Java|JavaScript|Python3|Golang|Rust,,,
3159,8,8,8,1,1,C|C++|C#|Java|JavaScript|Python3|Golang|Rust,C|C++|C#|Java|JavaScript|Python3|Golang|Rust,C|C++|C#|Java|JavaScript|Python3|Golang|Rust,,,
3162,8,8,8,1,1,C|C++|C#|Java|JavaScript|Python3|Golang|Rust,C|C++|C#|Java|JavaScript|Python3|Golang|Rust,C|C++|C#|Java|JavaScript|Python3|Golang|Rust,,,
3164,7,8,8,0,1,C++|C#|Java|JavaScript|Python3|Golang|Rust,C|C++|C#|Java|JavaScript|Python3|Golang|Rust,C|C++|C#|Java|JavaScript|Python3|Golang|Rust,C,,
3165,8,8,8,1,1,C|C++|C#|Java|JavaScript|Python3|Golang|Rust,C|C++|C#|Java|JavaScript|Python3|Golang|Rust,C|C++|C#|Java|JavaScript|Python3|Golang|Rust,,,
3169,8,8,8,1,1,C|C++|C#|Java|JavaScript|Python3|Golang|Rust,C|C++|C#|Java|JavaScript|Python3|Golang|Rust,C|C++|C#|Java|JavaScript|Python3|Golang|Rust,,,
3170,8,8,8,1,1,C|C++|C#|Java|JavaScript|Python3|Golang|Rust,C|C++|C#|Java|JavaScript|Python3|Golang|Rust,C|C++|C#|Java|JavaScript|Python3|Golang|Rust,,,
3171,8,8,8,1,1,C|C++|C#|Java|JavaScript|Python3|Golang|Rust,C|C++|C#|Java|JavaScript|Python3|Golang|Rust,C|C++|C#|Java|JavaScript|Python3|Golang|Rust,,,
3174,8,8,8,1,1,C|C++|C#|Java|JavaScript|Python3|Golang|Rust,C|C++|C#|Java|JavaScript|Python3|Golang|Rust,C|C++|C#|Java|JavaScript|Python3|Golang|Rust,,,
3175,8,8,8,1,1,C|C++|C#|Java|JavaScript|Python3|Golang|Rust,C|C++|C#|Java|JavaScript|Python3|Golang|Rust,C|C++|C#|Java|JavaScript|Python3|Golang|Rust,,,
3176,8,8,8,1,1,C|C++|C#|Java|JavaScript|Python3|Golang|Rust,C|C++|C#|Java|JavaScript|Python3|Golang|Rust,C|C++|C#|Java|JavaScript|Python3|Golang|Rust,,,
3177,8,8,8,1,1,C|C++|C#|Java|JavaScript|Python3|Golang|Rust,C|C++|C#|Java|JavaScript|Python3|Golang|Rust,C|C++|C#|Java|JavaScript|Python3|Golang|Rust,,,
3180,8,8,8,1,1,C|C++|C#|Java|JavaScript|Python3|Golang|Rust,C|C++|C#|Java|JavaScript|Python3|Golang|Rust,C|C++|C#|Java|JavaScript|Python3|Golang|Rust,,,
3181,6,6,6,0,0,C++|C#|Java|JavaScript|Python3|Golang,C++|C#|Java|JavaScript|Python3|Golang,C++|C#|Java|JavaScript|Python3|Golang,,,C|Rust
3184,8,8,8,1,1,C|C++|C#|Java|JavaScript|Python3|Golang|Rust,C|C++|C#|Java|JavaScript|Python3|Golang|Rust,C|C++|C#|Java|JavaScript|Python3|Golang|Rust,,,
3185,8,8,8,1,1,C|C++|C#|Java|JavaScript|Python3|Golang|Rust,C|C++|C#|Java|JavaScript|Python3|Golang|Rust,C|C++|C#|Java|JavaScript|Python3|Golang|Rust,,,
3191,8,8,8,1,1,C|C++|C#|Java|JavaScript|Python3|Golang|Rust,C|C++|C#|Java|JavaScript|Python3|Golang|Rust,C|C++|C#|Java|JavaScript|Python3|Golang|Rust,,,
3192,8,8,8,1,1,C|C++|C#|Java|JavaScript|Python3|Golang|Rust,C|C++|C#|Java|JavaScript|Python3|Golang|Rust,C|C++|C#|Java|JavaScript|Python3|Golang|Rust,,,
3193,8,8,8,1,1,C|C++|C#|Java|JavaScript|Python3|Golang|Rust,C|C++|C#|Java|JavaScript|Python3|Golang|Rust,C|C++|C#|Java|JavaScript|Python3|Golang|Rust,,,
3194,8,8,8,1,1,C|C++|C#|Java|JavaScript|Python3|Golang|Rust,C|C++|C#|Java|JavaScript|Python3|Golang|Rust,C|C++|C#|Java|JavaScript|Python3|Golang|Rust,,,
3201,8,8,8,1,1,C|C++|C#|Java|JavaScript|Python3|Golang|Rust,C|C++|C#|Java|JavaScript|Python3|Golang|Rust,C|C++|C#|Java|JavaScript|Python3|Golang|Rust,,,
3202,8,8,8,1,1,C|C++|C#|Java|JavaScript|Python3|Golang|Rust,C|C++|C#|Java|JavaScript|Python3|Golang|Rust,C|C++|C#|Java|JavaScript|Python3|Golang|Rust,,,
3211,8,8,8,1,1,C|C++|C#|Java|JavaScript|Python3|Golang|Rust,C|C++|C#|Java|JavaScript|Python3|Golang|Rust,C|C++|C#|Java|JavaScript|Python3|Golang|Rust,,,
3216,8,8,8,1,1,C|C++|C#|Java|JavaScript|Python3|Golang|Rust,C|C++|C#|Java|JavaScript|Python3|Golang|Rust,C|C++|C#|Java|JavaScript|Python3|Golang|Rust,,,
3222,8,8,8,1,1,C|C++|C#|Java|JavaScript|Python3|Golang|Rust,C|C++|C#|Java|JavaScript|Python3|Golang|Rust,C|C++|C#|Java|JavaScript|Python3|Golang|Rust,,,
3226,8,8,8,1,1,C|C++|C#|Java|JavaScript|Python3|Golang|Rust,C|C++|C#|Java|JavaScript|Python3|Golang|Rust,C|C++|C#|Java|JavaScript|Python3|Golang|Rust,,,
3227,8,8,8,1,1,C|C++|C#|Java|JavaScript|Python3|Golang|Rust,C|C++|C#|Java|JavaScript|Python3|Golang|Rust,C|C++|C#|Java|JavaScript|Python3|Golang|Rust,,,
3232,8,8,8,1,1,C|C++|C#|Java|JavaScript|Python3|Golang|Rust,C|C++|C#|Java|JavaScript|Python3|Golang|Rust,C|C++|C#|Java|JavaScript|Python3|Golang|Rust,,,
3233,8,8,8,1,1,C|C++|C#|Java|JavaScript|Python3|Golang|Rust,C|C++|C#|Java|JavaScript|Python3|Golang|Rust,C|C++|C#|Java|JavaScript|Python3|Golang|Rust,,,
3238,8,8,8,1,1,C|C++|C#|Java|JavaScript|Python3|Golang|Rust,C|C++|C#|Java|JavaScript|Python3|Golang|Rust,C|C++|C#|Java|JavaScript|Python3|Golang|Rust,,,
3248,8,8,8,1,1,C|C++|C#|Java|JavaScript|Python3|Golang|Rust,C|C++|C#|Java|JavaScript|Python3|Golang|Rust,C|C++|C#|Java|JavaScript|Python3|Golang|Rust,,,
3250,8,8,8,1,1,C|C++|C#|Java|JavaScript|Python3|Golang|Rust,C|C++|C#|Java|JavaScript|Python3|Golang|Rust,C|C++|C#|Java|JavaScript|Python3|Golang|Rust,,,
3251,8,8,8,1,1,C|C++|C#|Java|JavaScript|Python3|Golang|Rust,C|C++|C#|Java|JavaScript|Python3|Golang|Rust,C|C++|C#|Java|JavaScript|Python3|Golang|Rust,,,
3254,8,8,8,1,1,C|C++|C#|Java|JavaScript|Python3|Golang|Rust,C|C++|C#|Java|JavaScript|Python3|Golang|Rust,C|C++|C#|Java|JavaScript|Python3|Golang|Rust,,,
3255,8,8,8,1,1,C|C++|C#|Java|JavaScript|Python3|Golang|Rust,C|C++|C#|Java|JavaScript|Python3|Golang|Rust,C|C++|C#|Java|JavaScript|Python3|Golang|Rust,,,
3258,8,8,8,1,1,C|C++|C#|Java|JavaScript|Python3|Golang|Rust,C|C++|C#|Java|JavaScript|Python3|Golang|Rust,C|C++|C#|Java|JavaScript|Python3|Golang|Rust,,,
3259,8,8,8,1,1,C|C++|C#|Java|JavaScript|Python3|Golang|Rust,C|C++|C#|Java|JavaScript|Python3|Golang|Rust,C|C++|C#|Java|JavaScript|Python3|Golang|Rust,,,
3261,8,8,8,1,1,C|C++|C#|Java|JavaScript|Python3|Golang|Rust,C|C++|C#|Java|JavaScript|Python3|Golang|Rust,C|C++|C#|Java|JavaScript|Python3|Golang|Rust,,,
3264,8,8,8,1,1,C|C++|C#|Java|JavaScript|Python3|Golang|Rust,C|C++|C#|Java|JavaScript|Python3|Golang|Rust,C|C++|C#|Java|JavaScript|Python3|Golang|Rust,,,
3266,8,8,8,1,1,C|C++|C#|Java|JavaScript|Python3|Golang|Rust,C|C++|C#|Java|JavaScript|Python3|Golang|Rust,C|C++|C#|Java|JavaScript|Python3|Golang|Rust,,,
3270,8,8,8,1,1,C|C++|C#|Java|JavaScript|Python3|Golang|Rust,C|C++|C#|Java|JavaScript|Python3|Golang|Rust,C|C++|C#|Java|JavaScript|Python3|Golang|Rust,,,
3272,8,8,8,1,1,C|C++|C#|Java|JavaScript|Python3|Golang|Rust,C|C++|C#|Java|JavaScript|Python3|Golang|Rust,C|C++|C#|Java|JavaScript|Python3|Golang|Rust,,,
3280,8,8,8,1,1,C|C++|C#|Java|JavaScript|Python3|Golang|Rust,C|C++|C#|Java|JavaScript|Python3|Golang|Rust,C|C++|C#|Java|JavaScript|Python3|Golang|Rust,,,
3285,8,8,8,1,1,C|C++|C#|Java|JavaScript|Python3|Golang|Rust,C|C++|C#|Java|JavaScript|Python3|Golang|Rust,C|C++|C#|Java|JavaScript|Python3|Golang|Rust,,,
3287,8,8,8,1,1,C|C++|C#|Java|JavaScript|Python3|Golang|Rust,C|C++|C#|Java|JavaScript|Python3|Golang|Rust,C|C++|C#|Java|JavaScript|Python3|Golang|Rust,,,
3291,8,8,8,1,1,C|C++|C#|Java|JavaScript|Python3|Golang|Rust,C|C++|C#|Java|JavaScript|Python3|Golang|Rust,C|C++|C#|Java|JavaScript|Python3|Golang|Rust,,,
3292,8,8,8,1,1,C|C++|C#|Java|JavaScript|Python3|Golang|Rust,C|C++|C#|Java|JavaScript|Python3|Golang|Rust,C|C++|C#|Java|JavaScript|Python3|Golang|Rust,,,
3297,8,8,8,1,1,C|C++|C#|Java|JavaScript|Python3|Golang|Rust,C|C++|C#|Java|JavaScript|Python3|Golang|Rust,C|C++|C#|Java|JavaScript|Python3|Golang|Rust,,,
3298,8,8,8,1,1,C|C++|C#|Java|JavaScript|Python3|Golang|Rust,C|C++|C#|Java|JavaScript|Python3|Golang|Rust,C|C++|C#|Java|JavaScript|Python3|Golang|Rust,,,
3304,8,8,8,1,1,C|C++|C#|Java|JavaScript|Python3|Golang|Rust,C|C++|C#|Java|JavaScript|Python3|Golang|Rust,C|C++|C#|Java|JavaScript|Python3|Golang|Rust,,,
3305,8,8,8,1,1,C|C++|C#|Java|JavaScript|Python3|Golang|Rust,C|C++|C#|Java|JavaScript|Python3|Golang|Rust,C|C++|C#|Java|JavaScript|Python3|Golang|Rust,,,
3306,8,8,8,1,1,C|C++|C#|Java|JavaScript|Python3|Golang|Rust,C|C++|C#|Java|JavaScript|Python3|Golang|Rust,C|C++|C#|Java|JavaScript|Python3|Golang|Rust,,,
3307,8,8,8,1,1,C|C++|C#|Java|JavaScript|Python3|Golang|Rust,C|C++|C#|Java|JavaScript|Python3|Golang|Rust,C|C++|C#|Java|JavaScript|Python3|Golang|Rust,,,
3330,8,8,8,1,1,C|C++|C#|Java|JavaScript|Python3|Golang|Rust,C|C++|C#|Java|JavaScript|Python3|Golang|Rust,C|C++|C#|Java|JavaScript|Python3|Golang|Rust,,,
3333,8,8,8,1,1,C|C++|C#|Java|JavaScript|Python3|Golang|Rust,C|C++|C#|Java|JavaScript|Python3|Golang|Rust,C|C++|C#|Java|JavaScript|Python3|Golang|Rust,,,
3335,8,8,8,1,1,C|C++|C#|Java|JavaScript|Python3|Golang|Rust,C|C++|C#|Java|JavaScript|Python3|Golang|Rust,C|C++|C#|Java|JavaScript|Python3|Golang|Rust,,,
3337,8,8,8,1,1,C|C++|C#|Java|JavaScript|Python3|Golang|Rust,C|C++|C#|Java|JavaScript|Python3|Golang|Rust,C|C++|C#|Java|JavaScript|Python3|Golang|Rust,,,
3340,8,8,8,1,1,C|C++|C#|Java|JavaScript|Python3|Golang|Rust,C|C++|C#|Java|JavaScript|Python3|Golang|Rust,C|C++|C#|Java|JavaScript|Python3|Golang|Rust,,,
3341,8,8,8,1,1,C|C++|C#|Java|JavaScript|Python3|Golang|Rust,C|C++|C#|Java|JavaScript|Python3|Golang|Rust,C|C++|C#|Java|JavaScript|Python3|Golang|Rust,,,
3342,8,8,8,1,1,C|C++|C#|Java|JavaScript|Python3|Golang|Rust,C|C++|C#|Java|JavaScript|Python3|Golang|Rust,C|C++|C#|Java|JavaScript|Python3|Golang|Rust,,,
3343,8,8,8,1,1,C|C++|C#|Java|JavaScript|Python3|Golang|Rust,C|C++|C#|Java|JavaScript|Python3|Golang|Rust,C|C++|C#|Java|JavaScript|Python3|Golang|Rust,,,
3355,8,8,8,1,1,C|C++|C#|Java|JavaScript|Python3|Golang|Rust,C|C++|C#|Java|JavaScript|Python3|Golang|Rust,C|C++|C#|Java|JavaScript|Python3|Golang|Rust,,,
3356,8,8,8,1,1,C|C++|C#|Java|JavaScript|Python3|Golang|Rust,C|C++|C#|Java|JavaScript|Python3|Golang|Rust,C|C++|C#|Java|JavaScript|Python3|Golang|Rust,,,
3362,8,8,8,1,1,C|C++|C#|Java|JavaScript|Python3|Golang|Rust,C|C++|C#|Java|JavaScript|Python3|Golang|Rust,C|C++|C#|Java|JavaScript|Python3|Golang|Rust,,,
3375,8,8,8,1,1,C|C++|C#|Java|JavaScript|Python3|Golang|Rust,C|C++|C#|Java|JavaScript|Python3|Golang|Rust,C|C++|C#|Java|JavaScript|Python3|Golang|Rust,,,
3392,8,8,8,1,1,C|C++|C#|Java|JavaScript|Python3|Golang|Rust,C|C++|C#|Java|JavaScript|Python3|Golang|Rust,C|C++|C#|Java|JavaScript|Python3|Golang|Rust,,,
3396,8,8,8,1,1,C|C++|C#|Java|JavaScript|Python3|Golang|Rust,C|C++|C#|Java|JavaScript|Python3|Golang|Rust,C|C++|C#|Java|JavaScript|Python3|Golang|Rust,,,
3403,8,8,8,1,1,C|C++|C#|Java|JavaScript|Python3|Golang|Rust,C|C++|C#|Java|JavaScript|Python3|Golang|Rust,C|C++|C#|Java|JavaScript|Python3|Golang|Rust,,,
3405,8,8,8,1,1,C|C++|C#|Java|JavaScript|Python3|Golang|Rust,C|C++|C#|Java|JavaScript|Python3|Golang|Rust,C|C++|C#|Java|JavaScript|Python3|Golang|Rust,,,
3408,8,8,8,1,1,C|C++|C#|Java|JavaScript|Python3|Golang|Rust,C|C++|C#|Java|JavaScript|Python3|Golang|Rust,C|C++|C#|Java|JavaScript|Python3|Golang|Rust,,,
3423,8,8,8,1,1,C|C++|C#|Java|JavaScript|Python3|Golang|Rust,C|C++|C#|Java|JavaScript|Python3|Golang|Rust,C|C++|C#|Java|JavaScript|Python3|Golang|Rust,,,
3442,8,8,8,1,1,C|C++|C#|Java|JavaScript|Python3|Golang|Rust,C|C++|C#|Java|JavaScript|Python3|Golang|Rust,C|C++|C#|Java|JavaScript|Python3|Golang|Rust,,,
3443,8,8,8,1,1,C|C++|C#|Java|JavaScript|Python3|Golang|Rust,C|C++|C#|Java|JavaScript|Python3|Golang|Rust,C|C++|C#|Java|JavaScript|Python3|Golang|Rust,,,
3445,8,8,8,1,1,C|C++|C#|Java|JavaScript|Python3|Golang|Rust,C|C++|C#|Java|JavaScript|Python3|Golang|Rust,C|C++|C#|Java|JavaScript|Python3|Golang|Rust,,,
3477,8,8,8,1,1,C|C++|C#|Java|JavaScript|Python3|Golang|Rust,C|C++|C#|Java|JavaScript|Python3|Golang|Rust,C|C++|C#|Java|JavaScript|Python3|Golang|Rust,,,
3479,8,8,8,1,1,C|C++|C#|Java|JavaScript|Python3|Golang|Rust,C|C++|C#|Java|JavaScript|Python3|Golang|Rust,C|C++|C#|Java|JavaScript|Python3|Golang|Rust,,,
3480,8,8,8,1,1,C|C++|C#|Java|JavaScript|Python3|Golang|Rust,C|C++|C#|Java|JavaScript|Python3|Golang|Rust,C|C++|C#|Java|JavaScript|Python3|Golang|Rust,,,
3484,8,8,8,1,1,C|C++|C#|Java|JavaScript|Python3|Golang|Rust,C|C++|C#|Java|JavaScript|Python3|Golang|Rust,C|C++|C#|Java|JavaScript|Python3|Golang|Rust,,,
3487,8,8,8,1,1,C|C++|C#|Java|JavaScript|Python3|Golang|Rust,C|C++|C#|Java|JavaScript|Python3|Golang|Rust,C|C++|C#|Java|JavaScript|Python3|Golang|Rust,,,
3495,8,8,8,1,1,C|C++|C#|Java|JavaScript|Python3|Golang|Rust,C|C++|C#|Java|JavaScript|Python3|Golang|Rust,C|C++|C#|Java|JavaScript|Python3|Golang|Rust,,,
3508,8,8,8,1,1,C|C++|C#|Java|JavaScript|Python3|Golang|Rust,C|C++|C#|Java|JavaScript|Python3|Golang|Rust,C|C++|C#|Java|JavaScript|Python3|Golang|Rust,,,
3516,8,8,8,1,1,C|C++|C#|Java|JavaScript|Python3|Golang|Rust,C|C++|C#|Java|JavaScript|Python3|Golang|Rust,C|C++|C#|Java|JavaScript|Python3|Golang|Rust,,,
3541,8,8,8,1,1,C|C++|C#|Java|JavaScript|Python3|Golang|Rust,C|C++|C#|Java|JavaScript|Python3|Golang|Rust,C|C++|C#|Java|JavaScript|Python3|Golang|Rust,,,
